{
  "type": "FeatureCollection",
  "name": "Cinque interventi - ricostruzione PRELIMINARE NON VALIDATA",
  "features": [
    {
      "type": "Feature",
      "id": "J81B21004040005_Cella",
      "geometry": {
        "type": "LineString",
        "coordinates": [
          [
            10.55550403,
            44.72476895
          ],
          [
            10.55407603,
            44.72526429
          ],
          [
            10.55261533,
            44.72578477
          ],
          [
            10.55089382,
            44.72636089
          ],
          [
            10.55066134,
            44.72644552
          ],
          [
            10.54816765,
            44.72728864
          ],
          [
            10.5475043,
            44.72754375
          ],
          [
            10.54648859,
            44.72793488
          ],
          [
            10.54528204,
            44.7283609
          ],
          [
            10.54446038,
            44.72863499
          ],
          [
            10.5434192,
            44.7289778
          ],
          [
            10.53993183,
            44.73018265
          ]
        ]
      },
      "properties": {
        "CUP": "J81B21004040005",
        "nome": "Ciclovia 1 Ovest",
        "segmento_id": "Cella",
        "ruolo_geometria": "CORRIDOIO_STRADALE_INDICATIVO",
        "metodo": "Selezione di archi stradali ufficiali",
        "fonte": "https://geoserver.comune.re.it/geoserver/ows?service=WFS&version=1.0.0&request=GetFeature&typeName=geo_re:SIT_ARCHISTRADE&outputFormat=application/json&srsName=EPSG:4326",
        "stato_validazione": "NON_VALIDATO",
        "precisione": "INDICATIVA_NON_QUANTIFICATA",
        "data_elaborazione": "2026-10-08",
        "nota": "Asse stradale fra gli innesti Spartaco e Guardanavona; non geometria della pista sul lato nord. La lunghezza dell'asse non coincide necessariamente con le quantità di progetto.",
        "colore": "#9254de",
        "utilizzabile_per_kpi_km": false,
        "certifica_realizzazione": false,
        "cup": "J81B21004040005",
        "nome_intervento": "Ciclovia 1 Ovest"
      }
    },
    {
      "type": "Feature",
      "id": "J81B21004040005_Cade",
      "geometry": {
        "type": "LineString",
        "coordinates": [
          [
            10.52132172,
            44.73663174
          ],
          [
            10.51703358,
            44.73812174
          ],
          [
            10.51621529,
            44.73837998
          ],
          [
            10.51308985,
            44.73947856
          ]
        ]
      },
      "properties": {
        "CUP": "J81B21004040005",
        "nome": "Ciclovia 1 Ovest",
        "segmento_id": "Cade",
        "ruolo_geometria": "CORRIDOIO_STRADALE_INDICATIVO",
        "metodo": "Selezione di archi stradali ufficiali",
        "fonte": "https://geoserver.comune.re.it/geoserver/ows?service=WFS&version=1.0.0&request=GetFeature&typeName=geo_re:SIT_ARCHISTRADE&outputFormat=application/json&srsName=EPSG:4326",
        "stato_validazione": "NON_VALIDATO",
        "precisione": "INDICATIVA_NON_QUANTIFICATA",
        "data_elaborazione": "2026-10-08",
        "nota": "Asse fra Quercioli e Palladio; lato e perimetro effettivi della riqualificazione da verificare.",
        "colore": "#9254de",
        "utilizzabile_per_kpi_km": false,
        "certifica_realizzazione": false,
        "cup": "J81B21004040005",
        "nome_intervento": "Ciclovia 1 Ovest"
      }
    },
    {
      "type": "Feature",
      "id": "J81B21004040005_Gaida",
      "geometry": {
        "type": "LineString",
        "coordinates": [
          [
            10.50590942,
            44.74193248
          ],
          [
            10.50572647,
            44.74199763
          ],
          [
            10.50475223,
            44.74234556
          ],
          [
            10.50323363,
            44.74285884
          ],
          [
            10.5026723,
            44.74305706
          ],
          [
            10.50214619,
            44.74322831
          ],
          [
            10.50169936,
            44.74338414
          ],
          [
            10.5013166,
            44.74352687
          ],
          [
            10.50058089,
            44.74380278
          ],
          [
            10.50020586,
            44.74393536
          ],
          [
            10.49954692,
            44.74416829
          ]
        ]
      },
      "properties": {
        "CUP": "J81B21004040005",
        "nome": "Ciclovia 1 Ovest",
        "segmento_id": "Gaida",
        "ruolo_geometria": "CORRIDOIO_STRADALE_INDICATIVO",
        "metodo": "Selezione di archi stradali ufficiali",
        "fonte": "https://geoserver.comune.re.it/geoserver/ows?service=WFS&version=1.0.0&request=GetFeature&typeName=geo_re:SIT_ARCHISTRADE&outputFormat=application/json&srsName=EPSG:4326",
        "stato_validazione": "NON_VALIDATO",
        "precisione": "INDICATIVA_NON_QUANTIFICATA",
        "data_elaborazione": "2026-10-08",
        "nota": "Asse da Casel di Ferro verso ovest fino al termine del grafo disponibile. L'estremo occidentale dell'intervento non è validato e può differire dal termine del grafo.",
        "colore": "#9254de",
        "utilizzabile_per_kpi_km": false,
        "certifica_realizzazione": false,
        "cup": "J81B21004040005",
        "nome_intervento": "Ciclovia 1 Ovest"
      }
    },
    {
      "type": "Feature",
      "id": "J81B21004250001_VIA_DON_GIOVANNI_VERITA'_0",
      "geometry": {
        "type": "LineString",
        "coordinates": [
          [
            10.61215886,
            44.71422101
          ],
          [
            10.61266738,
            44.71422094
          ]
        ]
      },
      "properties": {
        "CUP": "J81B21004250001",
        "nome": "Zona Annonaria - via Don Verità",
        "segmento_id": "VIA_DON_GIOVANNI_VERITA'_0",
        "ruolo_geometria": "CORRIDOIO_STRADALE_INDICATIVO",
        "metodo": "Selezione assi delle vie citate dalla scheda comunale",
        "fonte": "https://geoserver.comune.re.it/geoserver/ows?service=WFS&version=1.0.0&request=GetFeature&typeName=geo_re:SIT_ARCHISTRADE&outputFormat=application/json&srsName=EPSG:4326",
        "stato_validazione": "NON_VALIDATO",
        "precisione": "INDICATIVA_NON_QUANTIFICATA",
        "data_elaborazione": "2026-10-08",
        "nota": "VIA DON GIOVANNI VERITA': include archi candidati, non tutti necessariamente finanziati. Confini delle piste e degli attraversamenti da delimitare.",
        "colore": "#d97706",
        "utilizzabile_per_kpi_km": false,
        "certifica_realizzazione": false,
        "cup": "J81B21004250001",
        "nome_intervento": "Zona Annonaria - via Don Verità"
      }
    },
    {
      "type": "Feature",
      "id": "J81B21004250001_VIA_DON_GIOVANNI_VERITA'_1",
      "geometry": {
        "type": "LineString",
        "coordinates": [
          [
            10.61904978,
            44.71430836
          ],
          [
            10.61874052,
            44.71430339
          ]
        ]
      },
      "properties": {
        "CUP": "J81B21004250001",
        "nome": "Zona Annonaria - via Don Verità",
        "segmento_id": "VIA_DON_GIOVANNI_VERITA'_1",
        "ruolo_geometria": "CORRIDOIO_STRADALE_INDICATIVO",
        "metodo": "Selezione assi delle vie citate dalla scheda comunale",
        "fonte": "https://geoserver.comune.re.it/geoserver/ows?service=WFS&version=1.0.0&request=GetFeature&typeName=geo_re:SIT_ARCHISTRADE&outputFormat=application/json&srsName=EPSG:4326",
        "stato_validazione": "NON_VALIDATO",
        "precisione": "INDICATIVA_NON_QUANTIFICATA",
        "data_elaborazione": "2026-10-08",
        "nota": "VIA DON GIOVANNI VERITA': include archi candidati, non tutti necessariamente finanziati. Confini delle piste e degli attraversamenti da delimitare.",
        "colore": "#d97706",
        "utilizzabile_per_kpi_km": false,
        "certifica_realizzazione": false,
        "cup": "J81B21004250001",
        "nome_intervento": "Zona Annonaria - via Don Verità"
      }
    },
    {
      "type": "Feature",
      "id": "J81B21004250001_VIA_DON_GIOVANNI_VERITA'_2",
      "geometry": {
        "type": "LineString",
        "coordinates": [
          [
            10.620035,
            44.70981198
          ],
          [
            10.62004841,
            44.70989812
          ],
          [
            10.6203151,
            44.71181263
          ],
          [
            10.62045129,
            44.71272522
          ],
          [
            10.62044099,
            44.71291833
          ],
          [
            10.62039977,
            44.71310851
          ],
          [
            10.62034745,
            44.71325856
          ],
          [
            10.62026942,
            44.71343978
          ],
          [
            10.62019066,
            44.71359495
          ],
          [
            10.62009482,
            44.71373377
          ],
          [
            10.61996655,
            44.71390148
          ],
          [
            10.61967952,
            44.71418974
          ],
          [
            10.61957481,
            44.71425586
          ],
          [
            10.61944347,
            44.71429499
          ],
          [
            10.61928361,
            44.71431211
          ],
          [
            10.61904978,
            44.71430836
          ]
        ]
      },
      "properties": {
        "CUP": "J81B21004250001",
        "nome": "Zona Annonaria - via Don Verità",
        "segmento_id": "VIA_DON_GIOVANNI_VERITA'_2",
        "ruolo_geometria": "CORRIDOIO_STRADALE_INDICATIVO",
        "metodo": "Selezione assi delle vie citate dalla scheda comunale",
        "fonte": "https://geoserver.comune.re.it/geoserver/ows?service=WFS&version=1.0.0&request=GetFeature&typeName=geo_re:SIT_ARCHISTRADE&outputFormat=application/json&srsName=EPSG:4326",
        "stato_validazione": "NON_VALIDATO",
        "precisione": "INDICATIVA_NON_QUANTIFICATA",
        "data_elaborazione": "2026-10-08",
        "nota": "VIA DON GIOVANNI VERITA': include archi candidati, non tutti necessariamente finanziati. Confini delle piste e degli attraversamenti da delimitare.",
        "colore": "#d97706",
        "utilizzabile_per_kpi_km": false,
        "certifica_realizzazione": false,
        "cup": "J81B21004250001",
        "nome_intervento": "Zona Annonaria - via Don Verità"
      }
    },
    {
      "type": "Feature",
      "id": "J81B21004250001_VIA_DON_GIOVANNI_VERITA'_3",
      "geometry": {
        "type": "LineString",
        "coordinates": [
          [
            10.61266738,
            44.71422094
          ],
          [
            10.61287668,
            44.71421799
          ],
          [
            10.61420037,
            44.71424538
          ],
          [
            10.61730287,
            44.7142706
          ],
          [
            10.6184314,
            44.71430304
          ]
        ]
      },
      "properties": {
        "CUP": "J81B21004250001",
        "nome": "Zona Annonaria - via Don Verità",
        "segmento_id": "VIA_DON_GIOVANNI_VERITA'_3",
        "ruolo_geometria": "CORRIDOIO_STRADALE_INDICATIVO",
        "metodo": "Selezione assi delle vie citate dalla scheda comunale",
        "fonte": "https://geoserver.comune.re.it/geoserver/ows?service=WFS&version=1.0.0&request=GetFeature&typeName=geo_re:SIT_ARCHISTRADE&outputFormat=application/json&srsName=EPSG:4326",
        "stato_validazione": "NON_VALIDATO",
        "precisione": "INDICATIVA_NON_QUANTIFICATA",
        "data_elaborazione": "2026-10-08",
        "nota": "VIA DON GIOVANNI VERITA': include archi candidati, non tutti necessariamente finanziati. Confini delle piste e degli attraversamenti da delimitare.",
        "colore": "#d97706",
        "utilizzabile_per_kpi_km": false,
        "certifica_realizzazione": false,
        "cup": "J81B21004250001",
        "nome_intervento": "Zona Annonaria - via Don Verità"
      }
    },
    {
      "type": "Feature",
      "id": "J81B21004250001_VIA_DON_GIOVANNI_VERITA'_4",
      "geometry": {
        "type": "LineString",
        "coordinates": [
          [
            10.6184314,
            44.71430304
          ],
          [
            10.61874052,
            44.71430339
          ]
        ]
      },
      "properties": {
        "CUP": "J81B21004250001",
        "nome": "Zona Annonaria - via Don Verità",
        "segmento_id": "VIA_DON_GIOVANNI_VERITA'_4",
        "ruolo_geometria": "CORRIDOIO_STRADALE_INDICATIVO",
        "metodo": "Selezione assi delle vie citate dalla scheda comunale",
        "fonte": "https://geoserver.comune.re.it/geoserver/ows?service=WFS&version=1.0.0&request=GetFeature&typeName=geo_re:SIT_ARCHISTRADE&outputFormat=application/json&srsName=EPSG:4326",
        "stato_validazione": "NON_VALIDATO",
        "precisione": "INDICATIVA_NON_QUANTIFICATA",
        "data_elaborazione": "2026-10-08",
        "nota": "VIA DON GIOVANNI VERITA': include archi candidati, non tutti necessariamente finanziati. Confini delle piste e degli attraversamenti da delimitare.",
        "colore": "#d97706",
        "utilizzabile_per_kpi_km": false,
        "certifica_realizzazione": false,
        "cup": "J81B21004250001",
        "nome_intervento": "Zona Annonaria - via Don Verità"
      }
    },
    {
      "type": "Feature",
      "id": "J81B21004250001_VIA_DON_GIOVANNI_VERITA'_5",
      "geometry": {
        "type": "LineString",
        "coordinates": [
          [
            10.61997746,
            44.70964327
          ],
          [
            10.62001165,
            44.70968517
          ],
          [
            10.62002133,
            44.70971642
          ],
          [
            10.62002873,
            44.70974457
          ],
          [
            10.6200362,
            44.70977586
          ],
          [
            10.620035,
            44.70981198
          ]
        ]
      },
      "properties": {
        "CUP": "J81B21004250001",
        "nome": "Zona Annonaria - via Don Verità",
        "segmento_id": "VIA_DON_GIOVANNI_VERITA'_5",
        "ruolo_geometria": "CORRIDOIO_STRADALE_INDICATIVO",
        "metodo": "Selezione assi delle vie citate dalla scheda comunale",
        "fonte": "https://geoserver.comune.re.it/geoserver/ows?service=WFS&version=1.0.0&request=GetFeature&typeName=geo_re:SIT_ARCHISTRADE&outputFormat=application/json&srsName=EPSG:4326",
        "stato_validazione": "NON_VALIDATO",
        "precisione": "INDICATIVA_NON_QUANTIFICATA",
        "data_elaborazione": "2026-10-08",
        "nota": "VIA DON GIOVANNI VERITA': include archi candidati, non tutti necessariamente finanziati. Confini delle piste e degli attraversamenti da delimitare.",
        "colore": "#d97706",
        "utilizzabile_per_kpi_km": false,
        "certifica_realizzazione": false,
        "cup": "J81B21004250001",
        "nome_intervento": "Zona Annonaria - via Don Verità"
      }
    },
    {
      "type": "Feature",
      "id": "J81B21004250001_VIA_DON_GIOVANNI_VERITA'_6",
      "geometry": {
        "type": "LineString",
        "coordinates": [
          [
            10.620035,
            44.70981198
          ],
          [
            10.6199801,
            44.70979666
          ],
          [
            10.61995472,
            44.70977466
          ],
          [
            10.6199167,
            44.70975322
          ],
          [
            10.61987458,
            44.70972282
          ]
        ]
      },
      "properties": {
        "CUP": "J81B21004250001",
        "nome": "Zona Annonaria - via Don Verità",
        "segmento_id": "VIA_DON_GIOVANNI_VERITA'_6",
        "ruolo_geometria": "CORRIDOIO_STRADALE_INDICATIVO",
        "metodo": "Selezione assi delle vie citate dalla scheda comunale",
        "fonte": "https://geoserver.comune.re.it/geoserver/ows?service=WFS&version=1.0.0&request=GetFeature&typeName=geo_re:SIT_ARCHISTRADE&outputFormat=application/json&srsName=EPSG:4326",
        "stato_validazione": "NON_VALIDATO",
        "precisione": "INDICATIVA_NON_QUANTIFICATA",
        "data_elaborazione": "2026-10-08",
        "nota": "VIA DON GIOVANNI VERITA': include archi candidati, non tutti necessariamente finanziati. Confini delle piste e degli attraversamenti da delimitare.",
        "colore": "#d97706",
        "utilizzabile_per_kpi_km": false,
        "certifica_realizzazione": false,
        "cup": "J81B21004250001",
        "nome_intervento": "Zona Annonaria - via Don Verità"
      }
    },
    {
      "type": "Feature",
      "id": "J81B21004250001_VIA_DON_GIOVANNI_VERITA'_7",
      "geometry": {
        "type": "LineString",
        "coordinates": [
          [
            10.60949763,
            44.71426902
          ],
          [
            10.60992103,
            44.71423136
          ],
          [
            10.61020436,
            44.71421542
          ],
          [
            10.61044351,
            44.71420968
          ],
          [
            10.61096539,
            44.71421179
          ],
          [
            10.61155723,
            44.71422003
          ],
          [
            10.61215886,
            44.71422101
          ]
        ]
      },
      "properties": {
        "CUP": "J81B21004250001",
        "nome": "Zona Annonaria - via Don Verità",
        "segmento_id": "VIA_DON_GIOVANNI_VERITA'_7",
        "ruolo_geometria": "CORRIDOIO_STRADALE_INDICATIVO",
        "metodo": "Selezione assi delle vie citate dalla scheda comunale",
        "fonte": "https://geoserver.comune.re.it/geoserver/ows?service=WFS&version=1.0.0&request=GetFeature&typeName=geo_re:SIT_ARCHISTRADE&outputFormat=application/json&srsName=EPSG:4326",
        "stato_validazione": "NON_VALIDATO",
        "precisione": "INDICATIVA_NON_QUANTIFICATA",
        "data_elaborazione": "2026-10-08",
        "nota": "VIA DON GIOVANNI VERITA': include archi candidati, non tutti necessariamente finanziati. Confini delle piste e degli attraversamenti da delimitare.",
        "colore": "#d97706",
        "utilizzabile_per_kpi_km": false,
        "certifica_realizzazione": false,
        "cup": "J81B21004250001",
        "nome_intervento": "Zona Annonaria - via Don Verità"
      }
    },
    {
      "type": "Feature",
      "id": "J81B21004250001_VIA_DON_GIOVANNI_VERITA'_8",
      "geometry": {
        "type": "LineString",
        "coordinates": [
          [
            10.60663624,
            44.71472132
          ],
          [
            10.60714813,
            44.71460272
          ]
        ]
      },
      "properties": {
        "CUP": "J81B21004250001",
        "nome": "Zona Annonaria - via Don Verità",
        "segmento_id": "VIA_DON_GIOVANNI_VERITA'_8",
        "ruolo_geometria": "CORRIDOIO_STRADALE_INDICATIVO",
        "metodo": "Selezione assi delle vie citate dalla scheda comunale",
        "fonte": "https://geoserver.comune.re.it/geoserver/ows?service=WFS&version=1.0.0&request=GetFeature&typeName=geo_re:SIT_ARCHISTRADE&outputFormat=application/json&srsName=EPSG:4326",
        "stato_validazione": "NON_VALIDATO",
        "precisione": "INDICATIVA_NON_QUANTIFICATA",
        "data_elaborazione": "2026-10-08",
        "nota": "VIA DON GIOVANNI VERITA': include archi candidati, non tutti necessariamente finanziati. Confini delle piste e degli attraversamenti da delimitare.",
        "colore": "#d97706",
        "utilizzabile_per_kpi_km": false,
        "certifica_realizzazione": false,
        "cup": "J81B21004250001",
        "nome_intervento": "Zona Annonaria - via Don Verità"
      }
    },
    {
      "type": "Feature",
      "id": "J81B21004250001_VIA_DON_GIOVANNI_VERITA'_9",
      "geometry": {
        "type": "LineString",
        "coordinates": [
          [
            10.60714813,
            44.71460272
          ],
          [
            10.60738186,
            44.71455144
          ],
          [
            10.60759006,
            44.71450822
          ],
          [
            10.60781168,
            44.71446955
          ],
          [
            10.60846103,
            44.71439404
          ],
          [
            10.60890486,
            44.71433802
          ],
          [
            10.60949763,
            44.71426902
          ]
        ]
      },
      "properties": {
        "CUP": "J81B21004250001",
        "nome": "Zona Annonaria - via Don Verità",
        "segmento_id": "VIA_DON_GIOVANNI_VERITA'_9",
        "ruolo_geometria": "CORRIDOIO_STRADALE_INDICATIVO",
        "metodo": "Selezione assi delle vie citate dalla scheda comunale",
        "fonte": "https://geoserver.comune.re.it/geoserver/ows?service=WFS&version=1.0.0&request=GetFeature&typeName=geo_re:SIT_ARCHISTRADE&outputFormat=application/json&srsName=EPSG:4326",
        "stato_validazione": "NON_VALIDATO",
        "precisione": "INDICATIVA_NON_QUANTIFICATA",
        "data_elaborazione": "2026-10-08",
        "nota": "VIA DON GIOVANNI VERITA': include archi candidati, non tutti necessariamente finanziati. Confini delle piste e degli attraversamenti da delimitare.",
        "colore": "#d97706",
        "utilizzabile_per_kpi_km": false,
        "certifica_realizzazione": false,
        "cup": "J81B21004250001",
        "nome_intervento": "Zona Annonaria - via Don Verità"
      }
    },
    {
      "type": "Feature",
      "id": "J81B21004250001_VIA_LEONE_GINZBURG_0",
      "geometry": {
        "type": "LineString",
        "coordinates": [
          [
            10.61322506,
            44.71155741
          ],
          [
            10.61316681,
            44.71149423
          ],
          [
            10.61314119,
            44.71146971
          ],
          [
            10.61310735,
            44.71144768
          ],
          [
            10.61306196,
            44.71142936
          ],
          [
            10.61301679,
            44.71141815
          ],
          [
            10.61296504,
            44.71140941
          ],
          [
            10.61291158,
            44.71139949
          ],
          [
            10.61279953,
            44.71137382
          ]
        ]
      },
      "properties": {
        "CUP": "J81B21004250001",
        "nome": "Zona Annonaria - via Don Verità",
        "segmento_id": "VIA_LEONE_GINZBURG_0",
        "ruolo_geometria": "CORRIDOIO_STRADALE_INDICATIVO",
        "metodo": "Selezione assi delle vie citate dalla scheda comunale",
        "fonte": "https://geoserver.comune.re.it/geoserver/ows?service=WFS&version=1.0.0&request=GetFeature&typeName=geo_re:SIT_ARCHISTRADE&outputFormat=application/json&srsName=EPSG:4326",
        "stato_validazione": "NON_VALIDATO",
        "precisione": "INDICATIVA_NON_QUANTIFICATA",
        "data_elaborazione": "2026-10-08",
        "nota": "VIA LEONE GINZBURG: include archi candidati, non tutti necessariamente finanziati. Confini delle piste e degli attraversamenti da delimitare.",
        "colore": "#d97706",
        "utilizzabile_per_kpi_km": false,
        "certifica_realizzazione": false,
        "cup": "J81B21004250001",
        "nome_intervento": "Zona Annonaria - via Don Verità"
      }
    },
    {
      "type": "Feature",
      "id": "J81B21004250001_VIA_LEONE_GINZBURG_1",
      "geometry": {
        "type": "LineString",
        "coordinates": [
          [
            10.61278167,
            44.7131805
          ],
          [
            10.61294814,
            44.71265177
          ]
        ]
      },
      "properties": {
        "CUP": "J81B21004250001",
        "nome": "Zona Annonaria - via Don Verità",
        "segmento_id": "VIA_LEONE_GINZBURG_1",
        "ruolo_geometria": "CORRIDOIO_STRADALE_INDICATIVO",
        "metodo": "Selezione assi delle vie citate dalla scheda comunale",
        "fonte": "https://geoserver.comune.re.it/geoserver/ows?service=WFS&version=1.0.0&request=GetFeature&typeName=geo_re:SIT_ARCHISTRADE&outputFormat=application/json&srsName=EPSG:4326",
        "stato_validazione": "NON_VALIDATO",
        "precisione": "INDICATIVA_NON_QUANTIFICATA",
        "data_elaborazione": "2026-10-08",
        "nota": "VIA LEONE GINZBURG: include archi candidati, non tutti necessariamente finanziati. Confini delle piste e degli attraversamenti da delimitare.",
        "colore": "#d97706",
        "utilizzabile_per_kpi_km": false,
        "certifica_realizzazione": false,
        "cup": "J81B21004250001",
        "nome_intervento": "Zona Annonaria - via Don Verità"
      }
    },
    {
      "type": "Feature",
      "id": "J81B21004250001_VIA_LEONE_GINZBURG_2",
      "geometry": {
        "type": "LineString",
        "coordinates": [
          [
            10.61294814,
            44.71265177
          ],
          [
            10.61292602,
            44.71257668
          ],
          [
            10.61293497,
            44.71253846
          ],
          [
            10.61294171,
            44.71250026
          ],
          [
            10.61295609,
            44.71245721
          ],
          [
            10.6130489,
            44.71239241
          ]
        ]
      },
      "properties": {
        "CUP": "J81B21004250001",
        "nome": "Zona Annonaria - via Don Verità",
        "segmento_id": "VIA_LEONE_GINZBURG_2",
        "ruolo_geometria": "CORRIDOIO_STRADALE_INDICATIVO",
        "metodo": "Selezione assi delle vie citate dalla scheda comunale",
        "fonte": "https://geoserver.comune.re.it/geoserver/ows?service=WFS&version=1.0.0&request=GetFeature&typeName=geo_re:SIT_ARCHISTRADE&outputFormat=application/json&srsName=EPSG:4326",
        "stato_validazione": "NON_VALIDATO",
        "precisione": "INDICATIVA_NON_QUANTIFICATA",
        "data_elaborazione": "2026-10-08",
        "nota": "VIA LEONE GINZBURG: include archi candidati, non tutti necessariamente finanziati. Confini delle piste e degli attraversamenti da delimitare.",
        "colore": "#d97706",
        "utilizzabile_per_kpi_km": false,
        "certifica_realizzazione": false,
        "cup": "J81B21004250001",
        "nome_intervento": "Zona Annonaria - via Don Verità"
      }
    },
    {
      "type": "Feature",
      "id": "J81B21004250001_VIA_LEONE_GINZBURG_3",
      "geometry": {
        "type": "LineString",
        "coordinates": [
          [
            10.61349144,
            44.71127635
          ],
          [
            10.61336744,
            44.71135868
          ],
          [
            10.61333281,
            44.71136866
          ],
          [
            10.61330823,
            44.71138085
          ],
          [
            10.61328543,
            44.71139777
          ],
          [
            10.61326113,
            44.71142062
          ],
          [
            10.61324702,
            44.71145045
          ],
          [
            10.61324467,
            44.71148603
          ],
          [
            10.61322506,
            44.71155741
          ]
        ]
      },
      "properties": {
        "CUP": "J81B21004250001",
        "nome": "Zona Annonaria - via Don Verità",
        "segmento_id": "VIA_LEONE_GINZBURG_3",
        "ruolo_geometria": "CORRIDOIO_STRADALE_INDICATIVO",
        "metodo": "Selezione assi delle vie citate dalla scheda comunale",
        "fonte": "https://geoserver.comune.re.it/geoserver/ows?service=WFS&version=1.0.0&request=GetFeature&typeName=geo_re:SIT_ARCHISTRADE&outputFormat=application/json&srsName=EPSG:4326",
        "stato_validazione": "NON_VALIDATO",
        "precisione": "INDICATIVA_NON_QUANTIFICATA",
        "data_elaborazione": "2026-10-08",
        "nota": "VIA LEONE GINZBURG: include archi candidati, non tutti necessariamente finanziati. Confini delle piste e degli attraversamenti da delimitare.",
        "colore": "#d97706",
        "utilizzabile_per_kpi_km": false,
        "certifica_realizzazione": false,
        "cup": "J81B21004250001",
        "nome_intervento": "Zona Annonaria - via Don Verità"
      }
    },
    {
      "type": "Feature",
      "id": "J81B21004250001_VIA_LEONE_GINZBURG_4",
      "geometry": {
        "type": "LineString",
        "coordinates": [
          [
            10.61322506,
            44.71155741
          ],
          [
            10.61323896,
            44.71163897
          ],
          [
            10.61323807,
            44.71172667
          ],
          [
            10.61323537,
            44.71180847
          ],
          [
            10.61322899,
            44.71187847
          ],
          [
            10.61321892,
            44.71193431
          ],
          [
            10.61319747,
            44.71199979
          ],
          [
            10.61314897,
            44.71214673
          ],
          [
            10.6130489,
            44.71239241
          ]
        ]
      },
      "properties": {
        "CUP": "J81B21004250001",
        "nome": "Zona Annonaria - via Don Verità",
        "segmento_id": "VIA_LEONE_GINZBURG_4",
        "ruolo_geometria": "CORRIDOIO_STRADALE_INDICATIVO",
        "metodo": "Selezione assi delle vie citate dalla scheda comunale",
        "fonte": "https://geoserver.comune.re.it/geoserver/ows?service=WFS&version=1.0.0&request=GetFeature&typeName=geo_re:SIT_ARCHISTRADE&outputFormat=application/json&srsName=EPSG:4326",
        "stato_validazione": "NON_VALIDATO",
        "precisione": "INDICATIVA_NON_QUANTIFICATA",
        "data_elaborazione": "2026-10-08",
        "nota": "VIA LEONE GINZBURG: include archi candidati, non tutti necessariamente finanziati. Confini delle piste e degli attraversamenti da delimitare.",
        "colore": "#d97706",
        "utilizzabile_per_kpi_km": false,
        "certifica_realizzazione": false,
        "cup": "J81B21004250001",
        "nome_intervento": "Zona Annonaria - via Don Verità"
      }
    },
    {
      "type": "Feature",
      "id": "J81B21004250001_VIA_LEONE_GINZBURG_5",
      "geometry": {
        "type": "LineString",
        "coordinates": [
          [
            10.61262079,
            44.71363351
          ],
          [
            10.61256109,
            44.71386459
          ]
        ]
      },
      "properties": {
        "CUP": "J81B21004250001",
        "nome": "Zona Annonaria - via Don Verità",
        "segmento_id": "VIA_LEONE_GINZBURG_5",
        "ruolo_geometria": "CORRIDOIO_STRADALE_INDICATIVO",
        "metodo": "Selezione assi delle vie citate dalla scheda comunale",
        "fonte": "https://geoserver.comune.re.it/geoserver/ows?service=WFS&version=1.0.0&request=GetFeature&typeName=geo_re:SIT_ARCHISTRADE&outputFormat=application/json&srsName=EPSG:4326",
        "stato_validazione": "NON_VALIDATO",
        "precisione": "INDICATIVA_NON_QUANTIFICATA",
        "data_elaborazione": "2026-10-08",
        "nota": "VIA LEONE GINZBURG: include archi candidati, non tutti necessariamente finanziati. Confini delle piste e degli attraversamenti da delimitare.",
        "colore": "#d97706",
        "utilizzabile_per_kpi_km": false,
        "certifica_realizzazione": false,
        "cup": "J81B21004250001",
        "nome_intervento": "Zona Annonaria - via Don Verità"
      }
    },
    {
      "type": "Feature",
      "id": "J81B21004250001_VIA_LEONE_GINZBURG_6",
      "geometry": {
        "type": "LineString",
        "coordinates": [
          [
            10.61294814,
            44.71265177
          ],
          [
            10.61301746,
            44.71258333
          ],
          [
            10.61304431,
            44.71250755
          ],
          [
            10.61306175,
            44.71245493
          ],
          [
            10.6130489,
            44.71239241
          ]
        ]
      },
      "properties": {
        "CUP": "J81B21004250001",
        "nome": "Zona Annonaria - via Don Verità",
        "segmento_id": "VIA_LEONE_GINZBURG_6",
        "ruolo_geometria": "CORRIDOIO_STRADALE_INDICATIVO",
        "metodo": "Selezione assi delle vie citate dalla scheda comunale",
        "fonte": "https://geoserver.comune.re.it/geoserver/ows?service=WFS&version=1.0.0&request=GetFeature&typeName=geo_re:SIT_ARCHISTRADE&outputFormat=application/json&srsName=EPSG:4326",
        "stato_validazione": "NON_VALIDATO",
        "precisione": "INDICATIVA_NON_QUANTIFICATA",
        "data_elaborazione": "2026-10-08",
        "nota": "VIA LEONE GINZBURG: include archi candidati, non tutti necessariamente finanziati. Confini delle piste e degli attraversamenti da delimitare.",
        "colore": "#d97706",
        "utilizzabile_per_kpi_km": false,
        "certifica_realizzazione": false,
        "cup": "J81B21004250001",
        "nome_intervento": "Zona Annonaria - via Don Verità"
      }
    },
    {
      "type": "Feature",
      "id": "J81B21004250001_VIA_LEONE_GINZBURG_7",
      "geometry": {
        "type": "LineString",
        "coordinates": [
          [
            10.61278167,
            44.7131805
          ],
          [
            10.61262079,
            44.71363351
          ]
        ]
      },
      "properties": {
        "CUP": "J81B21004250001",
        "nome": "Zona Annonaria - via Don Verità",
        "segmento_id": "VIA_LEONE_GINZBURG_7",
        "ruolo_geometria": "CORRIDOIO_STRADALE_INDICATIVO",
        "metodo": "Selezione assi delle vie citate dalla scheda comunale",
        "fonte": "https://geoserver.comune.re.it/geoserver/ows?service=WFS&version=1.0.0&request=GetFeature&typeName=geo_re:SIT_ARCHISTRADE&outputFormat=application/json&srsName=EPSG:4326",
        "stato_validazione": "NON_VALIDATO",
        "precisione": "INDICATIVA_NON_QUANTIFICATA",
        "data_elaborazione": "2026-10-08",
        "nota": "VIA LEONE GINZBURG: include archi candidati, non tutti necessariamente finanziati. Confini delle piste e degli attraversamenti da delimitare.",
        "colore": "#d97706",
        "utilizzabile_per_kpi_km": false,
        "certifica_realizzazione": false,
        "cup": "J81B21004250001",
        "nome_intervento": "Zona Annonaria - via Don Verità"
      }
    },
    {
      "type": "Feature",
      "id": "J81B21004250001_VIA_LEONE_GINZBURG_8",
      "geometry": {
        "type": "LineString",
        "coordinates": [
          [
            10.61256109,
            44.71386459
          ],
          [
            10.61238948,
            44.71402816
          ],
          [
            10.61227595,
            44.7141293
          ],
          [
            10.61215886,
            44.71422101
          ]
        ]
      },
      "properties": {
        "CUP": "J81B21004250001",
        "nome": "Zona Annonaria - via Don Verità",
        "segmento_id": "VIA_LEONE_GINZBURG_8",
        "ruolo_geometria": "CORRIDOIO_STRADALE_INDICATIVO",
        "metodo": "Selezione assi delle vie citate dalla scheda comunale",
        "fonte": "https://geoserver.comune.re.it/geoserver/ows?service=WFS&version=1.0.0&request=GetFeature&typeName=geo_re:SIT_ARCHISTRADE&outputFormat=application/json&srsName=EPSG:4326",
        "stato_validazione": "NON_VALIDATO",
        "precisione": "INDICATIVA_NON_QUANTIFICATA",
        "data_elaborazione": "2026-10-08",
        "nota": "VIA LEONE GINZBURG: include archi candidati, non tutti necessariamente finanziati. Confini delle piste e degli attraversamenti da delimitare.",
        "colore": "#d97706",
        "utilizzabile_per_kpi_km": false,
        "certifica_realizzazione": false,
        "cup": "J81B21004250001",
        "nome_intervento": "Zona Annonaria - via Don Verità"
      }
    },
    {
      "type": "Feature",
      "id": "J81B21004250001_VIA_LEONE_GINZBURG_9",
      "geometry": {
        "type": "LineString",
        "coordinates": [
          [
            10.61256109,
            44.71386459
          ],
          [
            10.61259195,
            44.71401819
          ],
          [
            10.6126179,
            44.71411499
          ],
          [
            10.61266738,
            44.71422094
          ]
        ]
      },
      "properties": {
        "CUP": "J81B21004250001",
        "nome": "Zona Annonaria - via Don Verità",
        "segmento_id": "VIA_LEONE_GINZBURG_9",
        "ruolo_geometria": "CORRIDOIO_STRADALE_INDICATIVO",
        "metodo": "Selezione assi delle vie citate dalla scheda comunale",
        "fonte": "https://geoserver.comune.re.it/geoserver/ows?service=WFS&version=1.0.0&request=GetFeature&typeName=geo_re:SIT_ARCHISTRADE&outputFormat=application/json&srsName=EPSG:4326",
        "stato_validazione": "NON_VALIDATO",
        "precisione": "INDICATIVA_NON_QUANTIFICATA",
        "data_elaborazione": "2026-10-08",
        "nota": "VIA LEONE GINZBURG: include archi candidati, non tutti necessariamente finanziati. Confini delle piste e degli attraversamenti da delimitare.",
        "colore": "#d97706",
        "utilizzabile_per_kpi_km": false,
        "certifica_realizzazione": false,
        "cup": "J81B21004250001",
        "nome_intervento": "Zona Annonaria - via Don Verità"
      }
    },
    {
      "type": "Feature",
      "id": "J81B21004250001_VIA_NAGASAKI_0",
      "geometry": {
        "type": "LineString",
        "coordinates": [
          [
            10.60608954,
            44.71292168
          ],
          [
            10.60605282,
            44.71279541
          ],
          [
            10.60597734,
            44.71251126
          ]
        ]
      },
      "properties": {
        "CUP": "J81B21004250001",
        "nome": "Zona Annonaria - via Don Verità",
        "segmento_id": "VIA_NAGASAKI_0",
        "ruolo_geometria": "CORRIDOIO_STRADALE_INDICATIVO",
        "metodo": "Selezione assi delle vie citate dalla scheda comunale",
        "fonte": "https://geoserver.comune.re.it/geoserver/ows?service=WFS&version=1.0.0&request=GetFeature&typeName=geo_re:SIT_ARCHISTRADE&outputFormat=application/json&srsName=EPSG:4326",
        "stato_validazione": "NON_VALIDATO",
        "precisione": "INDICATIVA_NON_QUANTIFICATA",
        "data_elaborazione": "2026-10-08",
        "nota": "VIA NAGASAKI: include archi candidati, non tutti necessariamente finanziati. Confini delle piste e degli attraversamenti da delimitare.",
        "colore": "#d97706",
        "utilizzabile_per_kpi_km": false,
        "certifica_realizzazione": false,
        "cup": "J81B21004250001",
        "nome_intervento": "Zona Annonaria - via Don Verità"
      }
    },
    {
      "type": "Feature",
      "id": "J81B21004250001_VIA_NAGASAKI_1",
      "geometry": {
        "type": "LineString",
        "coordinates": [
          [
            10.60549249,
            44.71140265
          ],
          [
            10.60546382,
            44.71144809
          ],
          [
            10.60544836,
            44.71148978
          ],
          [
            10.60543333,
            44.71154686
          ],
          [
            10.605433,
            44.71159545
          ]
        ]
      },
      "properties": {
        "CUP": "J81B21004250001",
        "nome": "Zona Annonaria - via Don Verità",
        "segmento_id": "VIA_NAGASAKI_1",
        "ruolo_geometria": "CORRIDOIO_STRADALE_INDICATIVO",
        "metodo": "Selezione assi delle vie citate dalla scheda comunale",
        "fonte": "https://geoserver.comune.re.it/geoserver/ows?service=WFS&version=1.0.0&request=GetFeature&typeName=geo_re:SIT_ARCHISTRADE&outputFormat=application/json&srsName=EPSG:4326",
        "stato_validazione": "NON_VALIDATO",
        "precisione": "INDICATIVA_NON_QUANTIFICATA",
        "data_elaborazione": "2026-10-08",
        "nota": "VIA NAGASAKI: include archi candidati, non tutti necessariamente finanziati. Confini delle piste e degli attraversamenti da delimitare.",
        "colore": "#d97706",
        "utilizzabile_per_kpi_km": false,
        "certifica_realizzazione": false,
        "cup": "J81B21004250001",
        "nome_intervento": "Zona Annonaria - via Don Verità"
      }
    },
    {
      "type": "Feature",
      "id": "J81B21004250001_VIA_NAGASAKI_2",
      "geometry": {
        "type": "LineString",
        "coordinates": [
          [
            10.605433,
            44.71159545
          ],
          [
            10.60544149,
            44.7116617
          ],
          [
            10.60546322,
            44.71172656
          ],
          [
            10.60549284,
            44.71177591
          ],
          [
            10.60552893,
            44.71181925
          ]
        ]
      },
      "properties": {
        "CUP": "J81B21004250001",
        "nome": "Zona Annonaria - via Don Verità",
        "segmento_id": "VIA_NAGASAKI_2",
        "ruolo_geometria": "CORRIDOIO_STRADALE_INDICATIVO",
        "metodo": "Selezione assi delle vie citate dalla scheda comunale",
        "fonte": "https://geoserver.comune.re.it/geoserver/ows?service=WFS&version=1.0.0&request=GetFeature&typeName=geo_re:SIT_ARCHISTRADE&outputFormat=application/json&srsName=EPSG:4326",
        "stato_validazione": "NON_VALIDATO",
        "precisione": "INDICATIVA_NON_QUANTIFICATA",
        "data_elaborazione": "2026-10-08",
        "nota": "VIA NAGASAKI: include archi candidati, non tutti necessariamente finanziati. Confini delle piste e degli attraversamenti da delimitare.",
        "colore": "#d97706",
        "utilizzabile_per_kpi_km": false,
        "certifica_realizzazione": false,
        "cup": "J81B21004250001",
        "nome_intervento": "Zona Annonaria - via Don Verità"
      }
    },
    {
      "type": "Feature",
      "id": "J81B21004250001_VIA_NAGASAKI_3",
      "geometry": {
        "type": "LineString",
        "coordinates": [
          [
            10.60668884,
            44.71452031
          ],
          [
            10.60667139,
            44.71461062
          ],
          [
            10.60665626,
            44.71466415
          ],
          [
            10.60663624,
            44.71472132
          ]
        ]
      },
      "properties": {
        "CUP": "J81B21004250001",
        "nome": "Zona Annonaria - via Don Verità",
        "segmento_id": "VIA_NAGASAKI_3",
        "ruolo_geometria": "CORRIDOIO_STRADALE_INDICATIVO",
        "metodo": "Selezione assi delle vie citate dalla scheda comunale",
        "fonte": "https://geoserver.comune.re.it/geoserver/ows?service=WFS&version=1.0.0&request=GetFeature&typeName=geo_re:SIT_ARCHISTRADE&outputFormat=application/json&srsName=EPSG:4326",
        "stato_validazione": "NON_VALIDATO",
        "precisione": "INDICATIVA_NON_QUANTIFICATA",
        "data_elaborazione": "2026-10-08",
        "nota": "VIA NAGASAKI: include archi candidati, non tutti necessariamente finanziati. Confini delle piste e degli attraversamenti da delimitare.",
        "colore": "#d97706",
        "utilizzabile_per_kpi_km": false,
        "certifica_realizzazione": false,
        "cup": "J81B21004250001",
        "nome_intervento": "Zona Annonaria - via Don Verità"
      }
    },
    {
      "type": "Feature",
      "id": "J81B21004250001_VIA_NAGASAKI_4",
      "geometry": {
        "type": "LineString",
        "coordinates": [
          [
            10.60643952,
            44.71430875
          ],
          [
            10.6065338,
            44.71438267
          ],
          [
            10.60658009,
            44.71443416
          ],
          [
            10.60662955,
            44.71447967
          ],
          [
            10.60668884,
            44.71452031
          ]
        ]
      },
      "properties": {
        "CUP": "J81B21004250001",
        "nome": "Zona Annonaria - via Don Verità",
        "segmento_id": "VIA_NAGASAKI_4",
        "ruolo_geometria": "CORRIDOIO_STRADALE_INDICATIVO",
        "metodo": "Selezione assi delle vie citate dalla scheda comunale",
        "fonte": "https://geoserver.comune.re.it/geoserver/ows?service=WFS&version=1.0.0&request=GetFeature&typeName=geo_re:SIT_ARCHISTRADE&outputFormat=application/json&srsName=EPSG:4326",
        "stato_validazione": "NON_VALIDATO",
        "precisione": "INDICATIVA_NON_QUANTIFICATA",
        "data_elaborazione": "2026-10-08",
        "nota": "VIA NAGASAKI: include archi candidati, non tutti necessariamente finanziati. Confini delle piste e degli attraversamenti da delimitare.",
        "colore": "#d97706",
        "utilizzabile_per_kpi_km": false,
        "certifica_realizzazione": false,
        "cup": "J81B21004250001",
        "nome_intervento": "Zona Annonaria - via Don Verità"
      }
    },
    {
      "type": "Feature",
      "id": "J81B21004250001_VIA_NAGASAKI_5",
      "geometry": {
        "type": "LineString",
        "coordinates": [
          [
            10.60668884,
            44.71452031
          ],
          [
            10.60676431,
            44.71454532
          ],
          [
            10.60682789,
            44.71456101
          ],
          [
            10.60690311,
            44.71457655
          ],
          [
            10.60700481,
            44.71458815
          ],
          [
            10.60714813,
            44.71460272
          ]
        ]
      },
      "properties": {
        "CUP": "J81B21004250001",
        "nome": "Zona Annonaria - via Don Verità",
        "segmento_id": "VIA_NAGASAKI_5",
        "ruolo_geometria": "CORRIDOIO_STRADALE_INDICATIVO",
        "metodo": "Selezione assi delle vie citate dalla scheda comunale",
        "fonte": "https://geoserver.comune.re.it/geoserver/ows?service=WFS&version=1.0.0&request=GetFeature&typeName=geo_re:SIT_ARCHISTRADE&outputFormat=application/json&srsName=EPSG:4326",
        "stato_validazione": "NON_VALIDATO",
        "precisione": "INDICATIVA_NON_QUANTIFICATA",
        "data_elaborazione": "2026-10-08",
        "nota": "VIA NAGASAKI: include archi candidati, non tutti necessariamente finanziati. Confini delle piste e degli attraversamenti da delimitare.",
        "colore": "#d97706",
        "utilizzabile_per_kpi_km": false,
        "certifica_realizzazione": false,
        "cup": "J81B21004250001",
        "nome_intervento": "Zona Annonaria - via Don Verità"
      }
    },
    {
      "type": "Feature",
      "id": "J81B21004250001_VIA_NAGASAKI_6",
      "geometry": {
        "type": "LineString",
        "coordinates": [
          [
            10.60643952,
            44.71430875
          ],
          [
            10.60641934,
            44.71439021
          ],
          [
            10.60643127,
            44.71446114
          ],
          [
            10.60643637,
            44.71452505
          ],
          [
            10.60643602,
            44.71457245
          ]
        ]
      },
      "properties": {
        "CUP": "J81B21004250001",
        "nome": "Zona Annonaria - via Don Verità",
        "segmento_id": "VIA_NAGASAKI_6",
        "ruolo_geometria": "CORRIDOIO_STRADALE_INDICATIVO",
        "metodo": "Selezione assi delle vie citate dalla scheda comunale",
        "fonte": "https://geoserver.comune.re.it/geoserver/ows?service=WFS&version=1.0.0&request=GetFeature&typeName=geo_re:SIT_ARCHISTRADE&outputFormat=application/json&srsName=EPSG:4326",
        "stato_validazione": "NON_VALIDATO",
        "precisione": "INDICATIVA_NON_QUANTIFICATA",
        "data_elaborazione": "2026-10-08",
        "nota": "VIA NAGASAKI: include archi candidati, non tutti necessariamente finanziati. Confini delle piste e degli attraversamenti da delimitare.",
        "colore": "#d97706",
        "utilizzabile_per_kpi_km": false,
        "certifica_realizzazione": false,
        "cup": "J81B21004250001",
        "nome_intervento": "Zona Annonaria - via Don Verità"
      }
    },
    {
      "type": "Feature",
      "id": "J81B21004250001_VIA_NAGASAKI_7",
      "geometry": {
        "type": "LineString",
        "coordinates": [
          [
            10.60643602,
            44.71457245
          ],
          [
            10.60651144,
            44.71465552
          ],
          [
            10.60656558,
            44.71469031
          ],
          [
            10.60663624,
            44.71472132
          ]
        ]
      },
      "properties": {
        "CUP": "J81B21004250001",
        "nome": "Zona Annonaria - via Don Verità",
        "segmento_id": "VIA_NAGASAKI_7",
        "ruolo_geometria": "CORRIDOIO_STRADALE_INDICATIVO",
        "metodo": "Selezione assi delle vie citate dalla scheda comunale",
        "fonte": "https://geoserver.comune.re.it/geoserver/ows?service=WFS&version=1.0.0&request=GetFeature&typeName=geo_re:SIT_ARCHISTRADE&outputFormat=application/json&srsName=EPSG:4326",
        "stato_validazione": "NON_VALIDATO",
        "precisione": "INDICATIVA_NON_QUANTIFICATA",
        "data_elaborazione": "2026-10-08",
        "nota": "VIA NAGASAKI: include archi candidati, non tutti necessariamente finanziati. Confini delle piste e degli attraversamenti da delimitare.",
        "colore": "#d97706",
        "utilizzabile_per_kpi_km": false,
        "certifica_realizzazione": false,
        "cup": "J81B21004250001",
        "nome_intervento": "Zona Annonaria - via Don Verità"
      }
    },
    {
      "type": "Feature",
      "id": "J81B21004250001_VIA_NAGASAKI_8",
      "geometry": {
        "type": "LineString",
        "coordinates": [
          [
            10.60552893,
            44.71181925
          ],
          [
            10.60552184,
            44.71186319
          ],
          [
            10.60552931,
            44.71189271
          ],
          [
            10.6055351,
            44.71192226
          ],
          [
            10.60553426,
            44.7119519
          ],
          [
            10.60551861,
            44.7120318
          ]
        ]
      },
      "properties": {
        "CUP": "J81B21004250001",
        "nome": "Zona Annonaria - via Don Verità",
        "segmento_id": "VIA_NAGASAKI_8",
        "ruolo_geometria": "CORRIDOIO_STRADALE_INDICATIVO",
        "metodo": "Selezione assi delle vie citate dalla scheda comunale",
        "fonte": "https://geoserver.comune.re.it/geoserver/ows?service=WFS&version=1.0.0&request=GetFeature&typeName=geo_re:SIT_ARCHISTRADE&outputFormat=application/json&srsName=EPSG:4326",
        "stato_validazione": "NON_VALIDATO",
        "precisione": "INDICATIVA_NON_QUANTIFICATA",
        "data_elaborazione": "2026-10-08",
        "nota": "VIA NAGASAKI: include archi candidati, non tutti necessariamente finanziati. Confini delle piste e degli attraversamenti da delimitare.",
        "colore": "#d97706",
        "utilizzabile_per_kpi_km": false,
        "certifica_realizzazione": false,
        "cup": "J81B21004250001",
        "nome_intervento": "Zona Annonaria - via Don Verità"
      }
    },
    {
      "type": "Feature",
      "id": "J81B21004250001_VIA_NAGASAKI_9",
      "geometry": {
        "type": "LineString",
        "coordinates": [
          [
            10.60578919,
            44.71196105
          ],
          [
            10.60568919,
            44.71190587
          ],
          [
            10.60566054,
            44.71189087
          ],
          [
            10.60563004,
            44.71186996
          ],
          [
            10.60559779,
            44.71184553
          ],
          [
            10.60552893,
            44.71181925
          ]
        ]
      },
      "properties": {
        "CUP": "J81B21004250001",
        "nome": "Zona Annonaria - via Don Verità",
        "segmento_id": "VIA_NAGASAKI_9",
        "ruolo_geometria": "CORRIDOIO_STRADALE_INDICATIVO",
        "metodo": "Selezione assi delle vie citate dalla scheda comunale",
        "fonte": "https://geoserver.comune.re.it/geoserver/ows?service=WFS&version=1.0.0&request=GetFeature&typeName=geo_re:SIT_ARCHISTRADE&outputFormat=application/json&srsName=EPSG:4326",
        "stato_validazione": "NON_VALIDATO",
        "precisione": "INDICATIVA_NON_QUANTIFICATA",
        "data_elaborazione": "2026-10-08",
        "nota": "VIA NAGASAKI: include archi candidati, non tutti necessariamente finanziati. Confini delle piste e degli attraversamenti da delimitare.",
        "colore": "#d97706",
        "utilizzabile_per_kpi_km": false,
        "certifica_realizzazione": false,
        "cup": "J81B21004250001",
        "nome_intervento": "Zona Annonaria - via Don Verità"
      }
    },
    {
      "type": "Feature",
      "id": "J81B21004250001_VIA_NAGASAKI_10",
      "geometry": {
        "type": "LineString",
        "coordinates": [
          [
            10.60597734,
            44.71251126
          ],
          [
            10.60597921,
            44.71241726
          ],
          [
            10.60595949,
            44.71236539
          ],
          [
            10.60593945,
            44.71230169
          ],
          [
            10.60592611,
            44.71224026
          ],
          [
            10.60590893,
            44.71215992
          ]
        ]
      },
      "properties": {
        "CUP": "J81B21004250001",
        "nome": "Zona Annonaria - via Don Verità",
        "segmento_id": "VIA_NAGASAKI_10",
        "ruolo_geometria": "CORRIDOIO_STRADALE_INDICATIVO",
        "metodo": "Selezione assi delle vie citate dalla scheda comunale",
        "fonte": "https://geoserver.comune.re.it/geoserver/ows?service=WFS&version=1.0.0&request=GetFeature&typeName=geo_re:SIT_ARCHISTRADE&outputFormat=application/json&srsName=EPSG:4326",
        "stato_validazione": "NON_VALIDATO",
        "precisione": "INDICATIVA_NON_QUANTIFICATA",
        "data_elaborazione": "2026-10-08",
        "nota": "VIA NAGASAKI: include archi candidati, non tutti necessariamente finanziati. Confini delle piste e degli attraversamenti da delimitare.",
        "colore": "#d97706",
        "utilizzabile_per_kpi_km": false,
        "certifica_realizzazione": false,
        "cup": "J81B21004250001",
        "nome_intervento": "Zona Annonaria - via Don Verità"
      }
    },
    {
      "type": "Feature",
      "id": "J81B21004250001_VIA_NAGASAKI_11",
      "geometry": {
        "type": "LineString",
        "coordinates": [
          [
            10.60643602,
            44.71457245
          ],
          [
            10.60637568,
            44.71467403
          ],
          [
            10.6063306,
            44.7147268
          ],
          [
            10.60627866,
            44.71477138
          ],
          [
            10.60618975,
            44.7148615
          ]
        ]
      },
      "properties": {
        "CUP": "J81B21004250001",
        "nome": "Zona Annonaria - via Don Verità",
        "segmento_id": "VIA_NAGASAKI_11",
        "ruolo_geometria": "CORRIDOIO_STRADALE_INDICATIVO",
        "metodo": "Selezione assi delle vie citate dalla scheda comunale",
        "fonte": "https://geoserver.comune.re.it/geoserver/ows?service=WFS&version=1.0.0&request=GetFeature&typeName=geo_re:SIT_ARCHISTRADE&outputFormat=application/json&srsName=EPSG:4326",
        "stato_validazione": "NON_VALIDATO",
        "precisione": "INDICATIVA_NON_QUANTIFICATA",
        "data_elaborazione": "2026-10-08",
        "nota": "VIA NAGASAKI: include archi candidati, non tutti necessariamente finanziati. Confini delle piste e degli attraversamenti da delimitare.",
        "colore": "#d97706",
        "utilizzabile_per_kpi_km": false,
        "certifica_realizzazione": false,
        "cup": "J81B21004250001",
        "nome_intervento": "Zona Annonaria - via Don Verità"
      }
    },
    {
      "type": "Feature",
      "id": "J81B21004250001_VIA_NAGASAKI_12",
      "geometry": {
        "type": "LineString",
        "coordinates": [
          [
            10.60636722,
            44.71335266
          ],
          [
            10.60635071,
            44.71335752
          ],
          [
            10.60633287,
            44.71336109
          ],
          [
            10.6063143,
            44.71336324
          ],
          [
            10.60629501,
            44.71336257
          ],
          [
            10.60627365,
            44.71335955
          ],
          [
            10.60625424,
            44.71335461
          ],
          [
            10.60623944,
            44.71334818
          ],
          [
            10.60622325,
            44.71333988
          ]
        ]
      },
      "properties": {
        "CUP": "J81B21004250001",
        "nome": "Zona Annonaria - via Don Verità",
        "segmento_id": "VIA_NAGASAKI_12",
        "ruolo_geometria": "CORRIDOIO_STRADALE_INDICATIVO",
        "metodo": "Selezione assi delle vie citate dalla scheda comunale",
        "fonte": "https://geoserver.comune.re.it/geoserver/ows?service=WFS&version=1.0.0&request=GetFeature&typeName=geo_re:SIT_ARCHISTRADE&outputFormat=application/json&srsName=EPSG:4326",
        "stato_validazione": "NON_VALIDATO",
        "precisione": "INDICATIVA_NON_QUANTIFICATA",
        "data_elaborazione": "2026-10-08",
        "nota": "VIA NAGASAKI: include archi candidati, non tutti necessariamente finanziati. Confini delle piste e degli attraversamenti da delimitare.",
        "colore": "#d97706",
        "utilizzabile_per_kpi_km": false,
        "certifica_realizzazione": false,
        "cup": "J81B21004250001",
        "nome_intervento": "Zona Annonaria - via Don Verità"
      }
    },
    {
      "type": "Feature",
      "id": "J81B21004250001_VIA_NAGASAKI_13",
      "geometry": {
        "type": "LineString",
        "coordinates": [
          [
            10.60622325,
            44.71333988
          ],
          [
            10.60620707,
            44.71332529
          ],
          [
            10.60619332,
            44.7133089
          ],
          [
            10.60618456,
            44.71329243
          ],
          [
            10.60618237,
            44.7132735
          ]
        ]
      },
      "properties": {
        "CUP": "J81B21004250001",
        "nome": "Zona Annonaria - via Don Verità",
        "segmento_id": "VIA_NAGASAKI_13",
        "ruolo_geometria": "CORRIDOIO_STRADALE_INDICATIVO",
        "metodo": "Selezione assi delle vie citate dalla scheda comunale",
        "fonte": "https://geoserver.comune.re.it/geoserver/ows?service=WFS&version=1.0.0&request=GetFeature&typeName=geo_re:SIT_ARCHISTRADE&outputFormat=application/json&srsName=EPSG:4326",
        "stato_validazione": "NON_VALIDATO",
        "precisione": "INDICATIVA_NON_QUANTIFICATA",
        "data_elaborazione": "2026-10-08",
        "nota": "VIA NAGASAKI: include archi candidati, non tutti necessariamente finanziati. Confini delle piste e degli attraversamenti da delimitare.",
        "colore": "#d97706",
        "utilizzabile_per_kpi_km": false,
        "certifica_realizzazione": false,
        "cup": "J81B21004250001",
        "nome_intervento": "Zona Annonaria - via Don Verità"
      }
    },
    {
      "type": "Feature",
      "id": "J81B21004250001_VIA_NAGASAKI_14",
      "geometry": {
        "type": "LineString",
        "coordinates": [
          [
            10.60618237,
            44.7132735
          ],
          [
            10.60618441,
            44.71325748
          ],
          [
            10.60618997,
            44.71324223
          ],
          [
            10.60620021,
            44.71322739
          ],
          [
            10.60621377,
            44.71321346
          ],
          [
            10.60623074,
            44.71320232
          ],
          [
            10.60624977,
            44.71319304
          ],
          [
            10.60627087,
            44.71318705
          ],
          [
            10.60629073,
            44.71318394
          ],
          [
            10.60630731,
            44.71318275
          ],
          [
            10.60633195,
            44.7131843
          ],
          [
            10.60635133,
            44.71318782
          ],
          [
            10.60637012,
            44.71319419
          ],
          [
            10.60639033,
            44.71320386
          ]
        ]
      },
      "properties": {
        "CUP": "J81B21004250001",
        "nome": "Zona Annonaria - via Don Verità",
        "segmento_id": "VIA_NAGASAKI_14",
        "ruolo_geometria": "CORRIDOIO_STRADALE_INDICATIVO",
        "metodo": "Selezione assi delle vie citate dalla scheda comunale",
        "fonte": "https://geoserver.comune.re.it/geoserver/ows?service=WFS&version=1.0.0&request=GetFeature&typeName=geo_re:SIT_ARCHISTRADE&outputFormat=application/json&srsName=EPSG:4326",
        "stato_validazione": "NON_VALIDATO",
        "precisione": "INDICATIVA_NON_QUANTIFICATA",
        "data_elaborazione": "2026-10-08",
        "nota": "VIA NAGASAKI: include archi candidati, non tutti necessariamente finanziati. Confini delle piste e degli attraversamenti da delimitare.",
        "colore": "#d97706",
        "utilizzabile_per_kpi_km": false,
        "certifica_realizzazione": false,
        "cup": "J81B21004250001",
        "nome_intervento": "Zona Annonaria - via Don Verità"
      }
    },
    {
      "type": "Feature",
      "id": "J81B21004250001_VIA_NAGASAKI_15",
      "geometry": {
        "type": "LineString",
        "coordinates": [
          [
            10.60626364,
            44.71350817
          ],
          [
            10.60627904,
            44.71366656
          ],
          [
            10.60643952,
            44.71430875
          ]
        ]
      },
      "properties": {
        "CUP": "J81B21004250001",
        "nome": "Zona Annonaria - via Don Verità",
        "segmento_id": "VIA_NAGASAKI_15",
        "ruolo_geometria": "CORRIDOIO_STRADALE_INDICATIVO",
        "metodo": "Selezione assi delle vie citate dalla scheda comunale",
        "fonte": "https://geoserver.comune.re.it/geoserver/ows?service=WFS&version=1.0.0&request=GetFeature&typeName=geo_re:SIT_ARCHISTRADE&outputFormat=application/json&srsName=EPSG:4326",
        "stato_validazione": "NON_VALIDATO",
        "precisione": "INDICATIVA_NON_QUANTIFICATA",
        "data_elaborazione": "2026-10-08",
        "nota": "VIA NAGASAKI: include archi candidati, non tutti necessariamente finanziati. Confini delle piste e degli attraversamenti da delimitare.",
        "colore": "#d97706",
        "utilizzabile_per_kpi_km": false,
        "certifica_realizzazione": false,
        "cup": "J81B21004250001",
        "nome_intervento": "Zona Annonaria - via Don Verità"
      }
    },
    {
      "type": "Feature",
      "id": "J81B21004250001_VIA_NAGASAKI_16",
      "geometry": {
        "type": "LineString",
        "coordinates": [
          [
            10.60569982,
            44.71225634
          ],
          [
            10.60579818,
            44.7123013
          ],
          [
            10.6058388,
            44.71232799
          ],
          [
            10.60587777,
            44.71235469
          ],
          [
            10.60590028,
            44.71238755
          ],
          [
            10.60591139,
            44.71242887
          ],
          [
            10.60597734,
            44.71251126
          ]
        ]
      },
      "properties": {
        "CUP": "J81B21004250001",
        "nome": "Zona Annonaria - via Don Verità",
        "segmento_id": "VIA_NAGASAKI_16",
        "ruolo_geometria": "CORRIDOIO_STRADALE_INDICATIVO",
        "metodo": "Selezione assi delle vie citate dalla scheda comunale",
        "fonte": "https://geoserver.comune.re.it/geoserver/ows?service=WFS&version=1.0.0&request=GetFeature&typeName=geo_re:SIT_ARCHISTRADE&outputFormat=application/json&srsName=EPSG:4326",
        "stato_validazione": "NON_VALIDATO",
        "precisione": "INDICATIVA_NON_QUANTIFICATA",
        "data_elaborazione": "2026-10-08",
        "nota": "VIA NAGASAKI: include archi candidati, non tutti necessariamente finanziati. Confini delle piste e degli attraversamenti da delimitare.",
        "colore": "#d97706",
        "utilizzabile_per_kpi_km": false,
        "certifica_realizzazione": false,
        "cup": "J81B21004250001",
        "nome_intervento": "Zona Annonaria - via Don Verità"
      }
    },
    {
      "type": "Feature",
      "id": "J81B21004250001_VIA_NAGASAKI_17",
      "geometry": {
        "type": "LineString",
        "coordinates": [
          [
            10.60608954,
            44.71292168
          ],
          [
            10.60614415,
            44.71297306
          ],
          [
            10.60616679,
            44.71301065
          ],
          [
            10.60619278,
            44.71304939
          ],
          [
            10.60622191,
            44.71308098
          ],
          [
            10.60625931,
            44.71311126
          ],
          [
            10.60630668,
            44.7131414
          ],
          [
            10.60639033,
            44.71320386
          ]
        ]
      },
      "properties": {
        "CUP": "J81B21004250001",
        "nome": "Zona Annonaria - via Don Verità",
        "segmento_id": "VIA_NAGASAKI_17",
        "ruolo_geometria": "CORRIDOIO_STRADALE_INDICATIVO",
        "metodo": "Selezione assi delle vie citate dalla scheda comunale",
        "fonte": "https://geoserver.comune.re.it/geoserver/ows?service=WFS&version=1.0.0&request=GetFeature&typeName=geo_re:SIT_ARCHISTRADE&outputFormat=application/json&srsName=EPSG:4326",
        "stato_validazione": "NON_VALIDATO",
        "precisione": "INDICATIVA_NON_QUANTIFICATA",
        "data_elaborazione": "2026-10-08",
        "nota": "VIA NAGASAKI: include archi candidati, non tutti necessariamente finanziati. Confini delle piste e degli attraversamenti da delimitare.",
        "colore": "#d97706",
        "utilizzabile_per_kpi_km": false,
        "certifica_realizzazione": false,
        "cup": "J81B21004250001",
        "nome_intervento": "Zona Annonaria - via Don Verità"
      }
    },
    {
      "type": "Feature",
      "id": "J81B21004250001_VIA_NAGASAKI_18",
      "geometry": {
        "type": "LineString",
        "coordinates": [
          [
            10.60639033,
            44.71320386
          ],
          [
            10.60640389,
            44.71321363
          ],
          [
            10.6064155,
            44.71322483
          ],
          [
            10.60642447,
            44.71323656
          ],
          [
            10.60643085,
            44.71325069
          ],
          [
            10.60643451,
            44.71326296
          ],
          [
            10.60643491,
            44.71327765
          ],
          [
            10.60643262,
            44.71329096
          ],
          [
            10.60642703,
            44.71330478
          ],
          [
            10.60641746,
            44.71331961
          ],
          [
            10.60640517,
            44.7133321
          ],
          [
            10.60638951,
            44.71334228
          ]
        ]
      },
      "properties": {
        "CUP": "J81B21004250001",
        "nome": "Zona Annonaria - via Don Verità",
        "segmento_id": "VIA_NAGASAKI_18",
        "ruolo_geometria": "CORRIDOIO_STRADALE_INDICATIVO",
        "metodo": "Selezione assi delle vie citate dalla scheda comunale",
        "fonte": "https://geoserver.comune.re.it/geoserver/ows?service=WFS&version=1.0.0&request=GetFeature&typeName=geo_re:SIT_ARCHISTRADE&outputFormat=application/json&srsName=EPSG:4326",
        "stato_validazione": "NON_VALIDATO",
        "precisione": "INDICATIVA_NON_QUANTIFICATA",
        "data_elaborazione": "2026-10-08",
        "nota": "VIA NAGASAKI: include archi candidati, non tutti necessariamente finanziati. Confini delle piste e degli attraversamenti da delimitare.",
        "colore": "#d97706",
        "utilizzabile_per_kpi_km": false,
        "certifica_realizzazione": false,
        "cup": "J81B21004250001",
        "nome_intervento": "Zona Annonaria - via Don Verità"
      }
    },
    {
      "type": "Feature",
      "id": "J81B21004250001_VIA_NAGASAKI_19",
      "geometry": {
        "type": "LineString",
        "coordinates": [
          [
            10.60636722,
            44.71335266
          ],
          [
            10.6063376,
            44.71341825
          ],
          [
            10.60632022,
            44.7134505
          ],
          [
            10.60630595,
            44.71347558
          ],
          [
            10.60626364,
            44.71350817
          ]
        ]
      },
      "properties": {
        "CUP": "J81B21004250001",
        "nome": "Zona Annonaria - via Don Verità",
        "segmento_id": "VIA_NAGASAKI_19",
        "ruolo_geometria": "CORRIDOIO_STRADALE_INDICATIVO",
        "metodo": "Selezione assi delle vie citate dalla scheda comunale",
        "fonte": "https://geoserver.comune.re.it/geoserver/ows?service=WFS&version=1.0.0&request=GetFeature&typeName=geo_re:SIT_ARCHISTRADE&outputFormat=application/json&srsName=EPSG:4326",
        "stato_validazione": "NON_VALIDATO",
        "precisione": "INDICATIVA_NON_QUANTIFICATA",
        "data_elaborazione": "2026-10-08",
        "nota": "VIA NAGASAKI: include archi candidati, non tutti necessariamente finanziati. Confini delle piste e degli attraversamenti da delimitare.",
        "colore": "#d97706",
        "utilizzabile_per_kpi_km": false,
        "certifica_realizzazione": false,
        "cup": "J81B21004250001",
        "nome_intervento": "Zona Annonaria - via Don Verità"
      }
    },
    {
      "type": "Feature",
      "id": "J81B21004250001_VIA_NAGASAKI_20",
      "geometry": {
        "type": "LineString",
        "coordinates": [
          [
            10.60626364,
            44.71350817
          ],
          [
            10.606251,
            44.71347161
          ],
          [
            10.60624689,
            44.71344323
          ],
          [
            10.60624285,
            44.71341722
          ],
          [
            10.60622325,
            44.71333988
          ]
        ]
      },
      "properties": {
        "CUP": "J81B21004250001",
        "nome": "Zona Annonaria - via Don Verità",
        "segmento_id": "VIA_NAGASAKI_20",
        "ruolo_geometria": "CORRIDOIO_STRADALE_INDICATIVO",
        "metodo": "Selezione assi delle vie citate dalla scheda comunale",
        "fonte": "https://geoserver.comune.re.it/geoserver/ows?service=WFS&version=1.0.0&request=GetFeature&typeName=geo_re:SIT_ARCHISTRADE&outputFormat=application/json&srsName=EPSG:4326",
        "stato_validazione": "NON_VALIDATO",
        "precisione": "INDICATIVA_NON_QUANTIFICATA",
        "data_elaborazione": "2026-10-08",
        "nota": "VIA NAGASAKI: include archi candidati, non tutti necessariamente finanziati. Confini delle piste e degli attraversamenti da delimitare.",
        "colore": "#d97706",
        "utilizzabile_per_kpi_km": false,
        "certifica_realizzazione": false,
        "cup": "J81B21004250001",
        "nome_intervento": "Zona Annonaria - via Don Verità"
      }
    },
    {
      "type": "Feature",
      "id": "J81B21004250001_VIA_NAGASAKI_21",
      "geometry": {
        "type": "LineString",
        "coordinates": [
          [
            10.60638951,
            44.71334228
          ],
          [
            10.60637889,
            44.71334775
          ],
          [
            10.60636722,
            44.71335266
          ]
        ]
      },
      "properties": {
        "CUP": "J81B21004250001",
        "nome": "Zona Annonaria - via Don Verità",
        "segmento_id": "VIA_NAGASAKI_21",
        "ruolo_geometria": "CORRIDOIO_STRADALE_INDICATIVO",
        "metodo": "Selezione assi delle vie citate dalla scheda comunale",
        "fonte": "https://geoserver.comune.re.it/geoserver/ows?service=WFS&version=1.0.0&request=GetFeature&typeName=geo_re:SIT_ARCHISTRADE&outputFormat=application/json&srsName=EPSG:4326",
        "stato_validazione": "NON_VALIDATO",
        "precisione": "INDICATIVA_NON_QUANTIFICATA",
        "data_elaborazione": "2026-10-08",
        "nota": "VIA NAGASAKI: include archi candidati, non tutti necessariamente finanziati. Confini delle piste e degli attraversamenti da delimitare.",
        "colore": "#d97706",
        "utilizzabile_per_kpi_km": false,
        "certifica_realizzazione": false,
        "cup": "J81B21004250001",
        "nome_intervento": "Zona Annonaria - via Don Verità"
      }
    },
    {
      "type": "Feature",
      "id": "J81B21004250001_VIA_NAGASAKI_22",
      "geometry": {
        "type": "LineString",
        "coordinates": [
          [
            10.60618237,
            44.7132735
          ],
          [
            10.60615499,
            44.71318501
          ],
          [
            10.6061473,
            44.7131472
          ],
          [
            10.60613648,
            44.71311655
          ],
          [
            10.60612572,
            44.71308825
          ],
          [
            10.60611325,
            44.71305762
          ],
          [
            10.60608313,
            44.7129905
          ],
          [
            10.60608954,
            44.71292168
          ]
        ]
      },
      "properties": {
        "CUP": "J81B21004250001",
        "nome": "Zona Annonaria - via Don Verità",
        "segmento_id": "VIA_NAGASAKI_22",
        "ruolo_geometria": "CORRIDOIO_STRADALE_INDICATIVO",
        "metodo": "Selezione assi delle vie citate dalla scheda comunale",
        "fonte": "https://geoserver.comune.re.it/geoserver/ows?service=WFS&version=1.0.0&request=GetFeature&typeName=geo_re:SIT_ARCHISTRADE&outputFormat=application/json&srsName=EPSG:4326",
        "stato_validazione": "NON_VALIDATO",
        "precisione": "INDICATIVA_NON_QUANTIFICATA",
        "data_elaborazione": "2026-10-08",
        "nota": "VIA NAGASAKI: include archi candidati, non tutti necessariamente finanziati. Confini delle piste e degli attraversamenti da delimitare.",
        "colore": "#d97706",
        "utilizzabile_per_kpi_km": false,
        "certifica_realizzazione": false,
        "cup": "J81B21004250001",
        "nome_intervento": "Zona Annonaria - via Don Verità"
      }
    },
    {
      "type": "Feature",
      "id": "J81B21004250001_VIA_NAGASAKI_23",
      "geometry": {
        "type": "LineString",
        "coordinates": [
          [
            10.605433,
            44.71159545
          ],
          [
            10.6053704,
            44.71155486
          ],
          [
            10.60532436,
            44.71151285
          ],
          [
            10.60528557,
            44.71149207
          ],
          [
            10.60524182,
            44.71147253
          ],
          [
            10.60519988,
            44.71145772
          ],
          [
            10.6051514,
            44.71144774
          ],
          [
            10.60506245,
            44.7114158
          ]
        ]
      },
      "properties": {
        "CUP": "J81B21004250001",
        "nome": "Zona Annonaria - via Don Verità",
        "segmento_id": "VIA_NAGASAKI_23",
        "ruolo_geometria": "CORRIDOIO_STRADALE_INDICATIVO",
        "metodo": "Selezione assi delle vie citate dalla scheda comunale",
        "fonte": "https://geoserver.comune.re.it/geoserver/ows?service=WFS&version=1.0.0&request=GetFeature&typeName=geo_re:SIT_ARCHISTRADE&outputFormat=application/json&srsName=EPSG:4326",
        "stato_validazione": "NON_VALIDATO",
        "precisione": "INDICATIVA_NON_QUANTIFICATA",
        "data_elaborazione": "2026-10-08",
        "nota": "VIA NAGASAKI: include archi candidati, non tutti necessariamente finanziati. Confini delle piste e degli attraversamenti da delimitare.",
        "colore": "#d97706",
        "utilizzabile_per_kpi_km": false,
        "certifica_realizzazione": false,
        "cup": "J81B21004250001",
        "nome_intervento": "Zona Annonaria - via Don Verità"
      }
    },
    {
      "type": "Feature",
      "id": "J81B21004250001_VIA_HIROSHIMA_0",
      "geometry": {
        "type": "LineString",
        "coordinates": [
          [
            10.60735447,
            44.70977388
          ],
          [
            10.6073161,
            44.70975974
          ],
          [
            10.60729434,
            44.70974697
          ]
        ]
      },
      "properties": {
        "CUP": "J81B21004250001",
        "nome": "Zona Annonaria - via Don Verità",
        "segmento_id": "VIA_HIROSHIMA_0",
        "ruolo_geometria": "CORRIDOIO_STRADALE_INDICATIVO",
        "metodo": "Selezione assi delle vie citate dalla scheda comunale",
        "fonte": "https://geoserver.comune.re.it/geoserver/ows?service=WFS&version=1.0.0&request=GetFeature&typeName=geo_re:SIT_ARCHISTRADE&outputFormat=application/json&srsName=EPSG:4326",
        "stato_validazione": "NON_VALIDATO",
        "precisione": "INDICATIVA_NON_QUANTIFICATA",
        "data_elaborazione": "2026-10-08",
        "nota": "VIA HIROSHIMA: include archi candidati, non tutti necessariamente finanziati. Confini delle piste e degli attraversamenti da delimitare.",
        "colore": "#d97706",
        "utilizzabile_per_kpi_km": false,
        "certifica_realizzazione": false,
        "cup": "J81B21004250001",
        "nome_intervento": "Zona Annonaria - via Don Verità"
      }
    },
    {
      "type": "Feature",
      "id": "J81B21004250001_VIA_HIROSHIMA_2",
      "geometry": {
        "type": "LineString",
        "coordinates": [
          [
            10.6076976,
            44.70965695
          ],
          [
            10.60768702,
            44.70967964
          ],
          [
            10.60767426,
            44.70969727
          ],
          [
            10.60766043,
            44.70971346
          ]
        ]
      },
      "properties": {
        "CUP": "J81B21004250001",
        "nome": "Zona Annonaria - via Don Verità",
        "segmento_id": "VIA_HIROSHIMA_2",
        "ruolo_geometria": "CORRIDOIO_STRADALE_INDICATIVO",
        "metodo": "Selezione assi delle vie citate dalla scheda comunale",
        "fonte": "https://geoserver.comune.re.it/geoserver/ows?service=WFS&version=1.0.0&request=GetFeature&typeName=geo_re:SIT_ARCHISTRADE&outputFormat=application/json&srsName=EPSG:4326",
        "stato_validazione": "NON_VALIDATO",
        "precisione": "INDICATIVA_NON_QUANTIFICATA",
        "data_elaborazione": "2026-10-08",
        "nota": "VIA HIROSHIMA: include archi candidati, non tutti necessariamente finanziati. Confini delle piste e degli attraversamenti da delimitare.",
        "colore": "#d97706",
        "utilizzabile_per_kpi_km": false,
        "certifica_realizzazione": false,
        "cup": "J81B21004250001",
        "nome_intervento": "Zona Annonaria - via Don Verità"
      }
    },
    {
      "type": "Feature",
      "id": "J81B21004250001_VIA_HIROSHIMA_3",
      "geometry": {
        "type": "LineString",
        "coordinates": [
          [
            10.60800883,
            44.71298572
          ],
          [
            10.60801927,
            44.71297254
          ],
          [
            10.60803467,
            44.7129581
          ],
          [
            10.60804684,
            44.71294785
          ],
          [
            10.60806401,
            44.71293754
          ],
          [
            10.60808449,
            44.71292718
          ]
        ]
      },
      "properties": {
        "CUP": "J81B21004250001",
        "nome": "Zona Annonaria - via Don Verità",
        "segmento_id": "VIA_HIROSHIMA_3",
        "ruolo_geometria": "CORRIDOIO_STRADALE_INDICATIVO",
        "metodo": "Selezione assi delle vie citate dalla scheda comunale",
        "fonte": "https://geoserver.comune.re.it/geoserver/ows?service=WFS&version=1.0.0&request=GetFeature&typeName=geo_re:SIT_ARCHISTRADE&outputFormat=application/json&srsName=EPSG:4326",
        "stato_validazione": "NON_VALIDATO",
        "precisione": "INDICATIVA_NON_QUANTIFICATA",
        "data_elaborazione": "2026-10-08",
        "nota": "VIA HIROSHIMA: include archi candidati, non tutti necessariamente finanziati. Confini delle piste e degli attraversamenti da delimitare.",
        "colore": "#d97706",
        "utilizzabile_per_kpi_km": false,
        "certifica_realizzazione": false,
        "cup": "J81B21004250001",
        "nome_intervento": "Zona Annonaria - via Don Verità"
      }
    },
    {
      "type": "Feature",
      "id": "J81B21004250001_VIA_HIROSHIMA_5",
      "geometry": {
        "type": "LineString",
        "coordinates": [
          [
            10.60771828,
            44.71310031
          ],
          [
            10.60671462,
            44.71323046
          ]
        ]
      },
      "properties": {
        "CUP": "J81B21004250001",
        "nome": "Zona Annonaria - via Don Verità",
        "segmento_id": "VIA_HIROSHIMA_5",
        "ruolo_geometria": "CORRIDOIO_STRADALE_INDICATIVO",
        "metodo": "Selezione assi delle vie citate dalla scheda comunale",
        "fonte": "https://geoserver.comune.re.it/geoserver/ows?service=WFS&version=1.0.0&request=GetFeature&typeName=geo_re:SIT_ARCHISTRADE&outputFormat=application/json&srsName=EPSG:4326",
        "stato_validazione": "NON_VALIDATO",
        "precisione": "INDICATIVA_NON_QUANTIFICATA",
        "data_elaborazione": "2026-10-08",
        "nota": "VIA HIROSHIMA: include archi candidati, non tutti necessariamente finanziati. Confini delle piste e degli attraversamenti da delimitare.",
        "colore": "#d97706",
        "utilizzabile_per_kpi_km": false,
        "certifica_realizzazione": false,
        "cup": "J81B21004250001",
        "nome_intervento": "Zona Annonaria - via Don Verità"
      }
    },
    {
      "type": "Feature",
      "id": "J81B21004250001_VIA_HIROSHIMA_8",
      "geometry": {
        "type": "LineString",
        "coordinates": [
          [
            10.6077995,
            44.7110225
          ],
          [
            10.6076626,
            44.71051963
          ]
        ]
      },
      "properties": {
        "CUP": "J81B21004250001",
        "nome": "Zona Annonaria - via Don Verità",
        "segmento_id": "VIA_HIROSHIMA_8",
        "ruolo_geometria": "CORRIDOIO_STRADALE_INDICATIVO",
        "metodo": "Selezione assi delle vie citate dalla scheda comunale",
        "fonte": "https://geoserver.comune.re.it/geoserver/ows?service=WFS&version=1.0.0&request=GetFeature&typeName=geo_re:SIT_ARCHISTRADE&outputFormat=application/json&srsName=EPSG:4326",
        "stato_validazione": "NON_VALIDATO",
        "precisione": "INDICATIVA_NON_QUANTIFICATA",
        "data_elaborazione": "2026-10-08",
        "nota": "VIA HIROSHIMA: include archi candidati, non tutti necessariamente finanziati. Confini delle piste e degli attraversamenti da delimitare.",
        "colore": "#d97706",
        "utilizzabile_per_kpi_km": false,
        "certifica_realizzazione": false,
        "cup": "J81B21004250001",
        "nome_intervento": "Zona Annonaria - via Don Verità"
      }
    },
    {
      "type": "Feature",
      "id": "J81B21004250001_VIA_HIROSHIMA_9",
      "geometry": {
        "type": "LineString",
        "coordinates": [
          [
            10.60795708,
            44.71140244
          ],
          [
            10.60788074,
            44.71125598
          ],
          [
            10.6077995,
            44.7110225
          ]
        ]
      },
      "properties": {
        "CUP": "J81B21004250001",
        "nome": "Zona Annonaria - via Don Verità",
        "segmento_id": "VIA_HIROSHIMA_9",
        "ruolo_geometria": "CORRIDOIO_STRADALE_INDICATIVO",
        "metodo": "Selezione assi delle vie citate dalla scheda comunale",
        "fonte": "https://geoserver.comune.re.it/geoserver/ows?service=WFS&version=1.0.0&request=GetFeature&typeName=geo_re:SIT_ARCHISTRADE&outputFormat=application/json&srsName=EPSG:4326",
        "stato_validazione": "NON_VALIDATO",
        "precisione": "INDICATIVA_NON_QUANTIFICATA",
        "data_elaborazione": "2026-10-08",
        "nota": "VIA HIROSHIMA: include archi candidati, non tutti necessariamente finanziati. Confini delle piste e degli attraversamenti da delimitare.",
        "colore": "#d97706",
        "utilizzabile_per_kpi_km": false,
        "certifica_realizzazione": false,
        "cup": "J81B21004250001",
        "nome_intervento": "Zona Annonaria - via Don Verità"
      }
    },
    {
      "type": "Feature",
      "id": "J81B21004250001_VIA_HIROSHIMA_10",
      "geometry": {
        "type": "LineString",
        "coordinates": [
          [
            10.60807171,
            44.71315547
          ],
          [
            10.60804719,
            44.71314041
          ],
          [
            10.60802596,
            44.71312412
          ],
          [
            10.60800966,
            44.71310539
          ],
          [
            10.6079983,
            44.71308541
          ],
          [
            10.60799282,
            44.7130677
          ],
          [
            10.60798898,
            44.7130488
          ],
          [
            10.60799247,
            44.71302506
          ],
          [
            10.60799852,
            44.71300304
          ],
          [
            10.60800883,
            44.71298572
          ]
        ]
      },
      "properties": {
        "CUP": "J81B21004250001",
        "nome": "Zona Annonaria - via Don Verità",
        "segmento_id": "VIA_HIROSHIMA_10",
        "ruolo_geometria": "CORRIDOIO_STRADALE_INDICATIVO",
        "metodo": "Selezione assi delle vie citate dalla scheda comunale",
        "fonte": "https://geoserver.comune.re.it/geoserver/ows?service=WFS&version=1.0.0&request=GetFeature&typeName=geo_re:SIT_ARCHISTRADE&outputFormat=application/json&srsName=EPSG:4326",
        "stato_validazione": "NON_VALIDATO",
        "precisione": "INDICATIVA_NON_QUANTIFICATA",
        "data_elaborazione": "2026-10-08",
        "nota": "VIA HIROSHIMA: include archi candidati, non tutti necessariamente finanziati. Confini delle piste e degli attraversamenti da delimitare.",
        "colore": "#d97706",
        "utilizzabile_per_kpi_km": false,
        "certifica_realizzazione": false,
        "cup": "J81B21004250001",
        "nome_intervento": "Zona Annonaria - via Don Verità"
      }
    },
    {
      "type": "Feature",
      "id": "J81B21004250001_VIA_HIROSHIMA_11",
      "geometry": {
        "type": "LineString",
        "coordinates": [
          [
            10.60766043,
            44.70971346
          ],
          [
            10.60764147,
            44.70972919
          ],
          [
            10.60761749,
            44.70974558
          ],
          [
            10.6075913,
            44.70976017
          ],
          [
            10.6075692,
            44.70976927
          ],
          [
            10.6075378,
            44.70977811
          ],
          [
            10.60750143,
            44.70978514
          ],
          [
            10.60745998,
            44.70978869
          ],
          [
            10.60741922,
            44.70978689
          ],
          [
            10.60738418,
            44.70978145
          ],
          [
            10.60735447,
            44.70977388
          ]
        ]
      },
      "properties": {
        "CUP": "J81B21004250001",
        "nome": "Zona Annonaria - via Don Verità",
        "segmento_id": "VIA_HIROSHIMA_11",
        "ruolo_geometria": "CORRIDOIO_STRADALE_INDICATIVO",
        "metodo": "Selezione assi delle vie citate dalla scheda comunale",
        "fonte": "https://geoserver.comune.re.it/geoserver/ows?service=WFS&version=1.0.0&request=GetFeature&typeName=geo_re:SIT_ARCHISTRADE&outputFormat=application/json&srsName=EPSG:4326",
        "stato_validazione": "NON_VALIDATO",
        "precisione": "INDICATIVA_NON_QUANTIFICATA",
        "data_elaborazione": "2026-10-08",
        "nota": "VIA HIROSHIMA: include archi candidati, non tutti necessariamente finanziati. Confini delle piste e degli attraversamenti da delimitare.",
        "colore": "#d97706",
        "utilizzabile_per_kpi_km": false,
        "certifica_realizzazione": false,
        "cup": "J81B21004250001",
        "nome_intervento": "Zona Annonaria - via Don Verità"
      }
    },
    {
      "type": "Feature",
      "id": "J81B21004250001_VIA_HIROSHIMA_12",
      "geometry": {
        "type": "LineString",
        "coordinates": [
          [
            10.60766043,
            44.70971346
          ],
          [
            10.60764448,
            44.70980534
          ],
          [
            10.60764437,
            44.70986104
          ],
          [
            10.60764713,
            44.70990129
          ],
          [
            10.6076549,
            44.70994147
          ],
          [
            10.60766295,
            44.70999231
          ],
          [
            10.60768548,
            44.7100856
          ],
          [
            10.60770989,
            44.71018716
          ],
          [
            10.60774453,
            44.71029807
          ],
          [
            10.60780007,
            44.71050347
          ],
          [
            10.60789023,
            44.71081859
          ]
        ]
      },
      "properties": {
        "CUP": "J81B21004250001",
        "nome": "Zona Annonaria - via Don Verità",
        "segmento_id": "VIA_HIROSHIMA_12",
        "ruolo_geometria": "CORRIDOIO_STRADALE_INDICATIVO",
        "metodo": "Selezione assi delle vie citate dalla scheda comunale",
        "fonte": "https://geoserver.comune.re.it/geoserver/ows?service=WFS&version=1.0.0&request=GetFeature&typeName=geo_re:SIT_ARCHISTRADE&outputFormat=application/json&srsName=EPSG:4326",
        "stato_validazione": "NON_VALIDATO",
        "precisione": "INDICATIVA_NON_QUANTIFICATA",
        "data_elaborazione": "2026-10-08",
        "nota": "VIA HIROSHIMA: include archi candidati, non tutti necessariamente finanziati. Confini delle piste e degli attraversamenti da delimitare.",
        "colore": "#d97706",
        "utilizzabile_per_kpi_km": false,
        "certifica_realizzazione": false,
        "cup": "J81B21004250001",
        "nome_intervento": "Zona Annonaria - via Don Verità"
      }
    },
    {
      "type": "Feature",
      "id": "J81B21004250001_VIA_HIROSHIMA_13",
      "geometry": {
        "type": "LineString",
        "coordinates": [
          [
            10.60821647,
            44.71260746
          ],
          [
            10.60821515,
            44.71256007
          ],
          [
            10.60818625,
            44.71235666
          ],
          [
            10.60816252,
            44.71221954
          ],
          [
            10.60813552,
            44.71208484
          ],
          [
            10.60809842,
            44.71194553
          ],
          [
            10.6080492,
            44.71172818
          ],
          [
            10.60799405,
            44.711537
          ],
          [
            10.60795708,
            44.71140244
          ]
        ]
      },
      "properties": {
        "CUP": "J81B21004250001",
        "nome": "Zona Annonaria - via Don Verità",
        "segmento_id": "VIA_HIROSHIMA_13",
        "ruolo_geometria": "CORRIDOIO_STRADALE_INDICATIVO",
        "metodo": "Selezione assi delle vie citate dalla scheda comunale",
        "fonte": "https://geoserver.comune.re.it/geoserver/ows?service=WFS&version=1.0.0&request=GetFeature&typeName=geo_re:SIT_ARCHISTRADE&outputFormat=application/json&srsName=EPSG:4326",
        "stato_validazione": "NON_VALIDATO",
        "precisione": "INDICATIVA_NON_QUANTIFICATA",
        "data_elaborazione": "2026-10-08",
        "nota": "VIA HIROSHIMA: include archi candidati, non tutti necessariamente finanziati. Confini delle piste e degli attraversamenti da delimitare.",
        "colore": "#d97706",
        "utilizzabile_per_kpi_km": false,
        "certifica_realizzazione": false,
        "cup": "J81B21004250001",
        "nome_intervento": "Zona Annonaria - via Don Verità"
      }
    },
    {
      "type": "Feature",
      "id": "J81B21004250001_VIA_HIROSHIMA_14",
      "geometry": {
        "type": "LineString",
        "coordinates": [
          [
            10.60821647,
            44.71260746
          ],
          [
            10.60826515,
            44.71268498
          ],
          [
            10.60827364,
            44.71275121
          ],
          [
            10.60828198,
            44.71281272
          ],
          [
            10.60829737,
            44.71288833
          ],
          [
            10.60834026,
            44.71297337
          ]
        ]
      },
      "properties": {
        "CUP": "J81B21004250001",
        "nome": "Zona Annonaria - via Don Verità",
        "segmento_id": "VIA_HIROSHIMA_14",
        "ruolo_geometria": "CORRIDOIO_STRADALE_INDICATIVO",
        "metodo": "Selezione assi delle vie citate dalla scheda comunale",
        "fonte": "https://geoserver.comune.re.it/geoserver/ows?service=WFS&version=1.0.0&request=GetFeature&typeName=geo_re:SIT_ARCHISTRADE&outputFormat=application/json&srsName=EPSG:4326",
        "stato_validazione": "NON_VALIDATO",
        "precisione": "INDICATIVA_NON_QUANTIFICATA",
        "data_elaborazione": "2026-10-08",
        "nota": "VIA HIROSHIMA: include archi candidati, non tutti necessariamente finanziati. Confini delle piste e degli attraversamenti da delimitare.",
        "colore": "#d97706",
        "utilizzabile_per_kpi_km": false,
        "certifica_realizzazione": false,
        "cup": "J81B21004250001",
        "nome_intervento": "Zona Annonaria - via Don Verità"
      }
    },
    {
      "type": "Feature",
      "id": "J81B21004250001_VIA_HIROSHIMA_15",
      "geometry": {
        "type": "LineString",
        "coordinates": [
          [
            10.60808449,
            44.71292718
          ],
          [
            10.60811333,
            44.71291848
          ],
          [
            10.60814141,
            44.71291216
          ],
          [
            10.60817541,
            44.7129099
          ],
          [
            10.60820284,
            44.71291011
          ],
          [
            10.60823038,
            44.71291446
          ],
          [
            10.60825546,
            44.71292003
          ],
          [
            10.60828572,
            44.71293264
          ],
          [
            10.60831019,
            44.71294593
          ],
          [
            10.60832639,
            44.7129611
          ],
          [
            10.60834026,
            44.71297337
          ]
        ]
      },
      "properties": {
        "CUP": "J81B21004250001",
        "nome": "Zona Annonaria - via Don Verità",
        "segmento_id": "VIA_HIROSHIMA_15",
        "ruolo_geometria": "CORRIDOIO_STRADALE_INDICATIVO",
        "metodo": "Selezione assi delle vie citate dalla scheda comunale",
        "fonte": "https://geoserver.comune.re.it/geoserver/ows?service=WFS&version=1.0.0&request=GetFeature&typeName=geo_re:SIT_ARCHISTRADE&outputFormat=application/json&srsName=EPSG:4326",
        "stato_validazione": "NON_VALIDATO",
        "precisione": "INDICATIVA_NON_QUANTIFICATA",
        "data_elaborazione": "2026-10-08",
        "nota": "VIA HIROSHIMA: include archi candidati, non tutti necessariamente finanziati. Confini delle piste e degli attraversamenti da delimitare.",
        "colore": "#d97706",
        "utilizzabile_per_kpi_km": false,
        "certifica_realizzazione": false,
        "cup": "J81B21004250001",
        "nome_intervento": "Zona Annonaria - via Don Verità"
      }
    },
    {
      "type": "Feature",
      "id": "J81B21004250001_VIA_HIROSHIMA_16",
      "geometry": {
        "type": "LineString",
        "coordinates": [
          [
            10.60808449,
            44.71292718
          ],
          [
            10.6081239,
            44.71288041
          ],
          [
            10.60813988,
            44.71285708
          ],
          [
            10.60814931,
            44.7128374
          ],
          [
            10.60815707,
            44.71281773
          ],
          [
            10.60816049,
            44.71279102
          ],
          [
            10.60817246,
            44.71268361
          ],
          [
            10.60821647,
            44.71260746
          ]
        ]
      },
      "properties": {
        "CUP": "J81B21004250001",
        "nome": "Zona Annonaria - via Don Verità",
        "segmento_id": "VIA_HIROSHIMA_16",
        "ruolo_geometria": "CORRIDOIO_STRADALE_INDICATIVO",
        "metodo": "Selezione assi delle vie citate dalla scheda comunale",
        "fonte": "https://geoserver.comune.re.it/geoserver/ows?service=WFS&version=1.0.0&request=GetFeature&typeName=geo_re:SIT_ARCHISTRADE&outputFormat=application/json&srsName=EPSG:4326",
        "stato_validazione": "NON_VALIDATO",
        "precisione": "INDICATIVA_NON_QUANTIFICATA",
        "data_elaborazione": "2026-10-08",
        "nota": "VIA HIROSHIMA: include archi candidati, non tutti necessariamente finanziati. Confini delle piste e degli attraversamenti da delimitare.",
        "colore": "#d97706",
        "utilizzabile_per_kpi_km": false,
        "certifica_realizzazione": false,
        "cup": "J81B21004250001",
        "nome_intervento": "Zona Annonaria - via Don Verità"
      }
    },
    {
      "type": "Feature",
      "id": "J81B21004250001_VIA_HIROSHIMA_17",
      "geometry": {
        "type": "LineString",
        "coordinates": [
          [
            10.60836816,
            44.71305886
          ],
          [
            10.60838025,
            44.71315083
          ],
          [
            10.608384,
            44.7131807
          ],
          [
            10.60838854,
            44.71320996
          ],
          [
            10.60839388,
            44.71323743
          ],
          [
            10.60840706,
            44.71327842
          ],
          [
            10.60843369,
            44.71336989
          ],
          [
            10.60846313,
            44.71350278
          ],
          [
            10.6084596,
            44.71358518
          ]
        ]
      },
      "properties": {
        "CUP": "J81B21004250001",
        "nome": "Zona Annonaria - via Don Verità",
        "segmento_id": "VIA_HIROSHIMA_17",
        "ruolo_geometria": "CORRIDOIO_STRADALE_INDICATIVO",
        "metodo": "Selezione assi delle vie citate dalla scheda comunale",
        "fonte": "https://geoserver.comune.re.it/geoserver/ows?service=WFS&version=1.0.0&request=GetFeature&typeName=geo_re:SIT_ARCHISTRADE&outputFormat=application/json&srsName=EPSG:4326",
        "stato_validazione": "NON_VALIDATO",
        "precisione": "INDICATIVA_NON_QUANTIFICATA",
        "data_elaborazione": "2026-10-08",
        "nota": "VIA HIROSHIMA: include archi candidati, non tutti necessariamente finanziati. Confini delle piste e degli attraversamenti da delimitare.",
        "colore": "#d97706",
        "utilizzabile_per_kpi_km": false,
        "certifica_realizzazione": false,
        "cup": "J81B21004250001",
        "nome_intervento": "Zona Annonaria - via Don Verità"
      }
    },
    {
      "type": "Feature",
      "id": "J81B21004250001_VIA_HIROSHIMA_18",
      "geometry": {
        "type": "LineString",
        "coordinates": [
          [
            10.60735447,
            44.70977388
          ],
          [
            10.60743766,
            44.70983788
          ],
          [
            10.60745975,
            44.70985534
          ],
          [
            10.60748536,
            44.70987986
          ],
          [
            10.60750797,
            44.70991628
          ],
          [
            10.60756141,
            44.71010631
          ],
          [
            10.60760422,
            44.71027161
          ],
          [
            10.6076626,
            44.71051963
          ]
        ]
      },
      "properties": {
        "CUP": "J81B21004250001",
        "nome": "Zona Annonaria - via Don Verità",
        "segmento_id": "VIA_HIROSHIMA_18",
        "ruolo_geometria": "CORRIDOIO_STRADALE_INDICATIVO",
        "metodo": "Selezione assi delle vie citate dalla scheda comunale",
        "fonte": "https://geoserver.comune.re.it/geoserver/ows?service=WFS&version=1.0.0&request=GetFeature&typeName=geo_re:SIT_ARCHISTRADE&outputFormat=application/json&srsName=EPSG:4326",
        "stato_validazione": "NON_VALIDATO",
        "precisione": "INDICATIVA_NON_QUANTIFICATA",
        "data_elaborazione": "2026-10-08",
        "nota": "VIA HIROSHIMA: include archi candidati, non tutti necessariamente finanziati. Confini delle piste e degli attraversamenti da delimitare.",
        "colore": "#d97706",
        "utilizzabile_per_kpi_km": false,
        "certifica_realizzazione": false,
        "cup": "J81B21004250001",
        "nome_intervento": "Zona Annonaria - via Don Verità"
      }
    },
    {
      "type": "Feature",
      "id": "J81B21004250001_VIA_HIROSHIMA_19",
      "geometry": {
        "type": "LineString",
        "coordinates": [
          [
            10.6084596,
            44.71358518
          ],
          [
            10.60839685,
            44.71350964
          ],
          [
            10.60836833,
            44.71344012
          ],
          [
            10.60834002,
            44.71337772
          ],
          [
            10.6082999,
            44.71330956
          ],
          [
            10.60827563,
            44.71327317
          ],
          [
            10.60825338,
            44.71324978
          ],
          [
            10.60822618,
            44.71322765
          ],
          [
            10.60815669,
            44.71317886
          ]
        ]
      },
      "properties": {
        "CUP": "J81B21004250001",
        "nome": "Zona Annonaria - via Don Verità",
        "segmento_id": "VIA_HIROSHIMA_19",
        "ruolo_geometria": "CORRIDOIO_STRADALE_INDICATIVO",
        "metodo": "Selezione assi delle vie citate dalla scheda comunale",
        "fonte": "https://geoserver.comune.re.it/geoserver/ows?service=WFS&version=1.0.0&request=GetFeature&typeName=geo_re:SIT_ARCHISTRADE&outputFormat=application/json&srsName=EPSG:4326",
        "stato_validazione": "NON_VALIDATO",
        "precisione": "INDICATIVA_NON_QUANTIFICATA",
        "data_elaborazione": "2026-10-08",
        "nota": "VIA HIROSHIMA: include archi candidati, non tutti necessariamente finanziati. Confini delle piste e degli attraversamenti da delimitare.",
        "colore": "#d97706",
        "utilizzabile_per_kpi_km": false,
        "certifica_realizzazione": false,
        "cup": "J81B21004250001",
        "nome_intervento": "Zona Annonaria - via Don Verità"
      }
    },
    {
      "type": "Feature",
      "id": "J81B21004250001_VIA_HIROSHIMA_20",
      "geometry": {
        "type": "LineString",
        "coordinates": [
          [
            10.60836816,
            44.71305886
          ],
          [
            10.60836365,
            44.71307611
          ],
          [
            10.60835661,
            44.71309221
          ],
          [
            10.6083455,
            44.71311073
          ],
          [
            10.60833015,
            44.71312695
          ],
          [
            10.608309,
            44.71314324
          ],
          [
            10.60828527,
            44.71315661
          ],
          [
            10.60825735,
            44.71316826
          ],
          [
            10.60822185,
            44.71317646
          ],
          [
            10.60818788,
            44.7131799
          ],
          [
            10.60815669,
            44.71317886
          ]
        ]
      },
      "properties": {
        "CUP": "J81B21004250001",
        "nome": "Zona Annonaria - via Don Verità",
        "segmento_id": "VIA_HIROSHIMA_20",
        "ruolo_geometria": "CORRIDOIO_STRADALE_INDICATIVO",
        "metodo": "Selezione assi delle vie citate dalla scheda comunale",
        "fonte": "https://geoserver.comune.re.it/geoserver/ows?service=WFS&version=1.0.0&request=GetFeature&typeName=geo_re:SIT_ARCHISTRADE&outputFormat=application/json&srsName=EPSG:4326",
        "stato_validazione": "NON_VALIDATO",
        "precisione": "INDICATIVA_NON_QUANTIFICATA",
        "data_elaborazione": "2026-10-08",
        "nota": "VIA HIROSHIMA: include archi candidati, non tutti necessariamente finanziati. Confini delle piste e degli attraversamenti da delimitare.",
        "colore": "#d97706",
        "utilizzabile_per_kpi_km": false,
        "certifica_realizzazione": false,
        "cup": "J81B21004250001",
        "nome_intervento": "Zona Annonaria - via Don Verità"
      }
    },
    {
      "type": "Feature",
      "id": "J81B21004250001_VIA_HIROSHIMA_21",
      "geometry": {
        "type": "LineString",
        "coordinates": [
          [
            10.60815669,
            44.71317886
          ],
          [
            10.60813544,
            44.71317649
          ],
          [
            10.60811202,
            44.7131709
          ],
          [
            10.60809023,
            44.71316409
          ],
          [
            10.60807171,
            44.71315547
          ]
        ]
      },
      "properties": {
        "CUP": "J81B21004250001",
        "nome": "Zona Annonaria - via Don Verità",
        "segmento_id": "VIA_HIROSHIMA_21",
        "ruolo_geometria": "CORRIDOIO_STRADALE_INDICATIVO",
        "metodo": "Selezione assi delle vie citate dalla scheda comunale",
        "fonte": "https://geoserver.comune.re.it/geoserver/ows?service=WFS&version=1.0.0&request=GetFeature&typeName=geo_re:SIT_ARCHISTRADE&outputFormat=application/json&srsName=EPSG:4326",
        "stato_validazione": "NON_VALIDATO",
        "precisione": "INDICATIVA_NON_QUANTIFICATA",
        "data_elaborazione": "2026-10-08",
        "nota": "VIA HIROSHIMA: include archi candidati, non tutti necessariamente finanziati. Confini delle piste e degli attraversamenti da delimitare.",
        "colore": "#d97706",
        "utilizzabile_per_kpi_km": false,
        "certifica_realizzazione": false,
        "cup": "J81B21004250001",
        "nome_intervento": "Zona Annonaria - via Don Verità"
      }
    },
    {
      "type": "Feature",
      "id": "J81B21004250001_VIA_HIROSHIMA_22",
      "geometry": {
        "type": "LineString",
        "coordinates": [
          [
            10.60807171,
            44.71315547
          ],
          [
            10.60797594,
            44.71313282
          ],
          [
            10.60791086,
            44.71312308
          ],
          [
            10.60782926,
            44.71311712
          ],
          [
            10.60771828,
            44.71310031
          ]
        ]
      },
      "properties": {
        "CUP": "J81B21004250001",
        "nome": "Zona Annonaria - via Don Verità",
        "segmento_id": "VIA_HIROSHIMA_22",
        "ruolo_geometria": "CORRIDOIO_STRADALE_INDICATIVO",
        "metodo": "Selezione assi delle vie citate dalla scheda comunale",
        "fonte": "https://geoserver.comune.re.it/geoserver/ows?service=WFS&version=1.0.0&request=GetFeature&typeName=geo_re:SIT_ARCHISTRADE&outputFormat=application/json&srsName=EPSG:4326",
        "stato_validazione": "NON_VALIDATO",
        "precisione": "INDICATIVA_NON_QUANTIFICATA",
        "data_elaborazione": "2026-10-08",
        "nota": "VIA HIROSHIMA: include archi candidati, non tutti necessariamente finanziati. Confini delle piste e degli attraversamenti da delimitare.",
        "colore": "#d97706",
        "utilizzabile_per_kpi_km": false,
        "certifica_realizzazione": false,
        "cup": "J81B21004250001",
        "nome_intervento": "Zona Annonaria - via Don Verità"
      }
    },
    {
      "type": "Feature",
      "id": "J81B21004250001_VIA_HIROSHIMA_23",
      "geometry": {
        "type": "LineString",
        "coordinates": [
          [
            10.60771828,
            44.71310031
          ],
          [
            10.60781769,
            44.71305922
          ],
          [
            10.60788374,
            44.71304406
          ],
          [
            10.60791626,
            44.71303323
          ],
          [
            10.60794617,
            44.7130183
          ],
          [
            10.60800883,
            44.71298572
          ]
        ]
      },
      "properties": {
        "CUP": "J81B21004250001",
        "nome": "Zona Annonaria - via Don Verità",
        "segmento_id": "VIA_HIROSHIMA_23",
        "ruolo_geometria": "CORRIDOIO_STRADALE_INDICATIVO",
        "metodo": "Selezione assi delle vie citate dalla scheda comunale",
        "fonte": "https://geoserver.comune.re.it/geoserver/ows?service=WFS&version=1.0.0&request=GetFeature&typeName=geo_re:SIT_ARCHISTRADE&outputFormat=application/json&srsName=EPSG:4326",
        "stato_validazione": "NON_VALIDATO",
        "precisione": "INDICATIVA_NON_QUANTIFICATA",
        "data_elaborazione": "2026-10-08",
        "nota": "VIA HIROSHIMA: include archi candidati, non tutti necessariamente finanziati. Confini delle piste e degli attraversamenti da delimitare.",
        "colore": "#d97706",
        "utilizzabile_per_kpi_km": false,
        "certifica_realizzazione": false,
        "cup": "J81B21004250001",
        "nome_intervento": "Zona Annonaria - via Don Verità"
      }
    },
    {
      "type": "Feature",
      "id": "J81B21004250001_VIA_HIROSHIMA_24",
      "geometry": {
        "type": "LineString",
        "coordinates": [
          [
            10.60721106,
            44.70955606
          ],
          [
            10.60720419,
            44.70958393
          ],
          [
            10.60720091,
            44.70961306
          ],
          [
            10.60720688,
            44.70964424
          ],
          [
            10.60721781,
            44.70967098
          ],
          [
            10.60723483,
            44.70969691
          ],
          [
            10.60725589,
            44.7097206
          ],
          [
            10.60727567,
            44.70973559
          ],
          [
            10.60729434,
            44.70974697
          ]
        ]
      },
      "properties": {
        "CUP": "J81B21004250001",
        "nome": "Zona Annonaria - via Don Verità",
        "segmento_id": "VIA_HIROSHIMA_24",
        "ruolo_geometria": "CORRIDOIO_STRADALE_INDICATIVO",
        "metodo": "Selezione assi delle vie citate dalla scheda comunale",
        "fonte": "https://geoserver.comune.re.it/geoserver/ows?service=WFS&version=1.0.0&request=GetFeature&typeName=geo_re:SIT_ARCHISTRADE&outputFormat=application/json&srsName=EPSG:4326",
        "stato_validazione": "NON_VALIDATO",
        "precisione": "INDICATIVA_NON_QUANTIFICATA",
        "data_elaborazione": "2026-10-08",
        "nota": "VIA HIROSHIMA: include archi candidati, non tutti necessariamente finanziati. Confini delle piste e degli attraversamenti da delimitare.",
        "colore": "#d97706",
        "utilizzabile_per_kpi_km": false,
        "certifica_realizzazione": false,
        "cup": "J81B21004250001",
        "nome_intervento": "Zona Annonaria - via Don Verità"
      }
    },
    {
      "type": "Feature",
      "id": "J81B21004250001_VIA_HIROSHIMA_37",
      "geometry": {
        "type": "LineString",
        "coordinates": [
          [
            10.60639033,
            44.71320386
          ],
          [
            10.60647476,
            44.71321014
          ],
          [
            10.60650805,
            44.71321204
          ],
          [
            10.60656625,
            44.71321359
          ],
          [
            10.60664938,
            44.71321479
          ],
          [
            10.60671462,
            44.71323046
          ]
        ]
      },
      "properties": {
        "CUP": "J81B21004250001",
        "nome": "Zona Annonaria - via Don Verità",
        "segmento_id": "VIA_HIROSHIMA_37",
        "ruolo_geometria": "CORRIDOIO_STRADALE_INDICATIVO",
        "metodo": "Selezione assi delle vie citate dalla scheda comunale",
        "fonte": "https://geoserver.comune.re.it/geoserver/ows?service=WFS&version=1.0.0&request=GetFeature&typeName=geo_re:SIT_ARCHISTRADE&outputFormat=application/json&srsName=EPSG:4326",
        "stato_validazione": "NON_VALIDATO",
        "precisione": "INDICATIVA_NON_QUANTIFICATA",
        "data_elaborazione": "2026-10-08",
        "nota": "VIA HIROSHIMA: include archi candidati, non tutti necessariamente finanziati. Confini delle piste e degli attraversamenti da delimitare.",
        "colore": "#d97706",
        "utilizzabile_per_kpi_km": false,
        "certifica_realizzazione": false,
        "cup": "J81B21004250001",
        "nome_intervento": "Zona Annonaria - via Don Verità"
      }
    },
    {
      "type": "Feature",
      "id": "J81B21004250001_VIA_HIROSHIMA_38",
      "geometry": {
        "type": "LineString",
        "coordinates": [
          [
            10.60671462,
            44.71323046
          ],
          [
            10.60664411,
            44.71326464
          ],
          [
            10.60656802,
            44.71327755
          ],
          [
            10.60651363,
            44.71329372
          ],
          [
            10.60646917,
            44.71330857
          ],
          [
            10.60638951,
            44.71334228
          ]
        ]
      },
      "properties": {
        "CUP": "J81B21004250001",
        "nome": "Zona Annonaria - via Don Verità",
        "segmento_id": "VIA_HIROSHIMA_38",
        "ruolo_geometria": "CORRIDOIO_STRADALE_INDICATIVO",
        "metodo": "Selezione assi delle vie citate dalla scheda comunale",
        "fonte": "https://geoserver.comune.re.it/geoserver/ows?service=WFS&version=1.0.0&request=GetFeature&typeName=geo_re:SIT_ARCHISTRADE&outputFormat=application/json&srsName=EPSG:4326",
        "stato_validazione": "NON_VALIDATO",
        "precisione": "INDICATIVA_NON_QUANTIFICATA",
        "data_elaborazione": "2026-10-08",
        "nota": "VIA HIROSHIMA: include archi candidati, non tutti necessariamente finanziati. Confini delle piste e degli attraversamenti da delimitare.",
        "colore": "#d97706",
        "utilizzabile_per_kpi_km": false,
        "certifica_realizzazione": false,
        "cup": "J81B21004250001",
        "nome_intervento": "Zona Annonaria - via Don Verità"
      }
    },
    {
      "type": "Feature",
      "id": "J81B21004250001_VIA_HIROSHIMA_48",
      "geometry": {
        "type": "LineString",
        "coordinates": [
          [
            10.60789023,
            44.71081859
          ],
          [
            10.60788136,
            44.71091826
          ],
          [
            10.60790721,
            44.7110115
          ],
          [
            10.60794016,
            44.71112124
          ],
          [
            10.60796357,
            44.71124652
          ],
          [
            10.60795708,
            44.71140244
          ]
        ]
      },
      "properties": {
        "CUP": "J81B21004250001",
        "nome": "Zona Annonaria - via Don Verità",
        "segmento_id": "VIA_HIROSHIMA_48",
        "ruolo_geometria": "CORRIDOIO_STRADALE_INDICATIVO",
        "metodo": "Selezione assi delle vie citate dalla scheda comunale",
        "fonte": "https://geoserver.comune.re.it/geoserver/ows?service=WFS&version=1.0.0&request=GetFeature&typeName=geo_re:SIT_ARCHISTRADE&outputFormat=application/json&srsName=EPSG:4326",
        "stato_validazione": "NON_VALIDATO",
        "precisione": "INDICATIVA_NON_QUANTIFICATA",
        "data_elaborazione": "2026-10-08",
        "nota": "VIA HIROSHIMA: include archi candidati, non tutti necessariamente finanziati. Confini delle piste e degli attraversamenti da delimitare.",
        "colore": "#d97706",
        "utilizzabile_per_kpi_km": false,
        "certifica_realizzazione": false,
        "cup": "J81B21004250001",
        "nome_intervento": "Zona Annonaria - via Don Verità"
      }
    },
    {
      "type": "Feature",
      "id": "J81B21004250001_VIA_HIROSHIMA_51",
      "geometry": {
        "type": "LineString",
        "coordinates": [
          [
            10.60834026,
            44.71297337
          ],
          [
            10.60835207,
            44.71298799
          ],
          [
            10.60836173,
            44.71300682
          ],
          [
            10.60836633,
            44.71302275
          ],
          [
            10.6083694,
            44.71304403
          ],
          [
            10.60836816,
            44.71305886
          ]
        ]
      },
      "properties": {
        "CUP": "J81B21004250001",
        "nome": "Zona Annonaria - via Don Verità",
        "segmento_id": "VIA_HIROSHIMA_51",
        "ruolo_geometria": "CORRIDOIO_STRADALE_INDICATIVO",
        "metodo": "Selezione assi delle vie citate dalla scheda comunale",
        "fonte": "https://geoserver.comune.re.it/geoserver/ows?service=WFS&version=1.0.0&request=GetFeature&typeName=geo_re:SIT_ARCHISTRADE&outputFormat=application/json&srsName=EPSG:4326",
        "stato_validazione": "NON_VALIDATO",
        "precisione": "INDICATIVA_NON_QUANTIFICATA",
        "data_elaborazione": "2026-10-08",
        "nota": "VIA HIROSHIMA: include archi candidati, non tutti necessariamente finanziati. Confini delle piste e degli attraversamenti da delimitare.",
        "colore": "#d97706",
        "utilizzabile_per_kpi_km": false,
        "certifica_realizzazione": false,
        "cup": "J81B21004250001",
        "nome_intervento": "Zona Annonaria - via Don Verità"
      }
    },
    {
      "type": "Feature",
      "id": "J89J22002390001_VIA_LOUIS_PASTEUR_0",
      "geometry": {
        "type": "LineString",
        "coordinates": [
          [
            10.69046861,
            44.67728593
          ],
          [
            10.69048713,
            44.67726439
          ],
          [
            10.69083341,
            44.67683623
          ]
        ]
      },
      "properties": {
        "CUP": "J89J22002390001",
        "nome": "Ciclovie 1 e 2 San Lazzaro - Centro",
        "segmento_id": "VIA_LOUIS_PASTEUR_0",
        "ruolo_geometria": "CORRIDOIO_STRADALE_DA_DELIMITARE",
        "metodo": "Asse stradale ufficiale della via indicata",
        "fonte": "https://geoserver.comune.re.it/geoserver/ows?service=WFS&version=1.0.0&request=GetFeature&typeName=geo_re:SIT_ARCHISTRADE&outputFormat=application/json&srsName=EPSG:4326",
        "stato_validazione": "NON_VALIDATO",
        "precisione": "INDICATIVA_NON_QUANTIFICATA",
        "data_elaborazione": "2026-10-08",
        "nota": "VIA LOUIS PASTEUR: asse di riferimento esteso; NON identifica i soli 700 m circa di Pasteur o 400 m circa di Cialdini citati dalla fonte. Non usare l'intero asse come perimetro del finanziamento.",
        "colore": "#059669",
        "utilizzabile_per_kpi_km": false,
        "certifica_realizzazione": false,
        "cup": "J89J22002390001",
        "nome_intervento": "Ciclovie 1 e 2 San Lazzaro - Centro"
      }
    },
    {
      "type": "Feature",
      "id": "J89J22002390001_VIA_LOUIS_PASTEUR_1",
      "geometry": {
        "type": "LineString",
        "coordinates": [
          [
            10.67647233,
            44.68312308
          ],
          [
            10.67665713,
            44.68305883
          ]
        ]
      },
      "properties": {
        "CUP": "J89J22002390001",
        "nome": "Ciclovie 1 e 2 San Lazzaro - Centro",
        "segmento_id": "VIA_LOUIS_PASTEUR_1",
        "ruolo_geometria": "CORRIDOIO_STRADALE_DA_DELIMITARE",
        "metodo": "Asse stradale ufficiale della via indicata",
        "fonte": "https://geoserver.comune.re.it/geoserver/ows?service=WFS&version=1.0.0&request=GetFeature&typeName=geo_re:SIT_ARCHISTRADE&outputFormat=application/json&srsName=EPSG:4326",
        "stato_validazione": "NON_VALIDATO",
        "precisione": "INDICATIVA_NON_QUANTIFICATA",
        "data_elaborazione": "2026-10-08",
        "nota": "VIA LOUIS PASTEUR: asse di riferimento esteso; NON identifica i soli 700 m circa di Pasteur o 400 m circa di Cialdini citati dalla fonte. Non usare l'intero asse come perimetro del finanziamento.",
        "colore": "#059669",
        "utilizzabile_per_kpi_km": false,
        "certifica_realizzazione": false,
        "cup": "J89J22002390001",
        "nome_intervento": "Ciclovie 1 e 2 San Lazzaro - Centro"
      }
    },
    {
      "type": "Feature",
      "id": "J89J22002390001_VIA_LOUIS_PASTEUR_2",
      "geometry": {
        "type": "LineString",
        "coordinates": [
          [
            10.69009209,
            44.67738637
          ],
          [
            10.68993744,
            44.67726542
          ],
          [
            10.68990594,
            44.67721019
          ],
          [
            10.69029622,
            44.67675294
          ],
          [
            10.69035072,
            44.67668577
          ],
          [
            10.69027645,
            44.67658733
          ],
          [
            10.69045454,
            44.67648634
          ]
        ]
      },
      "properties": {
        "CUP": "J89J22002390001",
        "nome": "Ciclovie 1 e 2 San Lazzaro - Centro",
        "segmento_id": "VIA_LOUIS_PASTEUR_2",
        "ruolo_geometria": "CORRIDOIO_STRADALE_DA_DELIMITARE",
        "metodo": "Asse stradale ufficiale della via indicata",
        "fonte": "https://geoserver.comune.re.it/geoserver/ows?service=WFS&version=1.0.0&request=GetFeature&typeName=geo_re:SIT_ARCHISTRADE&outputFormat=application/json&srsName=EPSG:4326",
        "stato_validazione": "NON_VALIDATO",
        "precisione": "INDICATIVA_NON_QUANTIFICATA",
        "data_elaborazione": "2026-10-08",
        "nota": "VIA LOUIS PASTEUR: asse di riferimento esteso; NON identifica i soli 700 m circa di Pasteur o 400 m circa di Cialdini citati dalla fonte. Non usare l'intero asse come perimetro del finanziamento.",
        "colore": "#059669",
        "utilizzabile_per_kpi_km": false,
        "certifica_realizzazione": false,
        "cup": "J89J22002390001",
        "nome_intervento": "Ciclovie 1 e 2 San Lazzaro - Centro"
      }
    },
    {
      "type": "Feature",
      "id": "J89J22002390001_VIA_LOUIS_PASTEUR_3",
      "geometry": {
        "type": "LineString",
        "coordinates": [
          [
            10.69083341,
            44.67683623
          ],
          [
            10.69113994,
            44.67646908
          ]
        ]
      },
      "properties": {
        "CUP": "J89J22002390001",
        "nome": "Ciclovie 1 e 2 San Lazzaro - Centro",
        "segmento_id": "VIA_LOUIS_PASTEUR_3",
        "ruolo_geometria": "CORRIDOIO_STRADALE_DA_DELIMITARE",
        "metodo": "Asse stradale ufficiale della via indicata",
        "fonte": "https://geoserver.comune.re.it/geoserver/ows?service=WFS&version=1.0.0&request=GetFeature&typeName=geo_re:SIT_ARCHISTRADE&outputFormat=application/json&srsName=EPSG:4326",
        "stato_validazione": "NON_VALIDATO",
        "precisione": "INDICATIVA_NON_QUANTIFICATA",
        "data_elaborazione": "2026-10-08",
        "nota": "VIA LOUIS PASTEUR: asse di riferimento esteso; NON identifica i soli 700 m circa di Pasteur o 400 m circa di Cialdini citati dalla fonte. Non usare l'intero asse come perimetro del finanziamento.",
        "colore": "#059669",
        "utilizzabile_per_kpi_km": false,
        "certifica_realizzazione": false,
        "cup": "J89J22002390001",
        "nome_intervento": "Ciclovie 1 e 2 San Lazzaro - Centro"
      }
    },
    {
      "type": "Feature",
      "id": "J89J22002390001_VIA_LOUIS_PASTEUR_4",
      "geometry": {
        "type": "LineString",
        "coordinates": [
          [
            10.67789289,
            44.68264959
          ],
          [
            10.67863462,
            44.68240258
          ]
        ]
      },
      "properties": {
        "CUP": "J89J22002390001",
        "nome": "Ciclovie 1 e 2 San Lazzaro - Centro",
        "segmento_id": "VIA_LOUIS_PASTEUR_4",
        "ruolo_geometria": "CORRIDOIO_STRADALE_DA_DELIMITARE",
        "metodo": "Asse stradale ufficiale della via indicata",
        "fonte": "https://geoserver.comune.re.it/geoserver/ows?service=WFS&version=1.0.0&request=GetFeature&typeName=geo_re:SIT_ARCHISTRADE&outputFormat=application/json&srsName=EPSG:4326",
        "stato_validazione": "NON_VALIDATO",
        "precisione": "INDICATIVA_NON_QUANTIFICATA",
        "data_elaborazione": "2026-10-08",
        "nota": "VIA LOUIS PASTEUR: asse di riferimento esteso; NON identifica i soli 700 m circa di Pasteur o 400 m circa di Cialdini citati dalla fonte. Non usare l'intero asse come perimetro del finanziamento.",
        "colore": "#059669",
        "utilizzabile_per_kpi_km": false,
        "certifica_realizzazione": false,
        "cup": "J89J22002390001",
        "nome_intervento": "Ciclovie 1 e 2 San Lazzaro - Centro"
      }
    },
    {
      "type": "Feature",
      "id": "J89J22002390001_VIA_LOUIS_PASTEUR_5",
      "geometry": {
        "type": "LineString",
        "coordinates": [
          [
            10.68703612,
            44.67932872
          ],
          [
            10.68754389,
            44.67908422
          ]
        ]
      },
      "properties": {
        "CUP": "J89J22002390001",
        "nome": "Ciclovie 1 e 2 San Lazzaro - Centro",
        "segmento_id": "VIA_LOUIS_PASTEUR_5",
        "ruolo_geometria": "CORRIDOIO_STRADALE_DA_DELIMITARE",
        "metodo": "Asse stradale ufficiale della via indicata",
        "fonte": "https://geoserver.comune.re.it/geoserver/ows?service=WFS&version=1.0.0&request=GetFeature&typeName=geo_re:SIT_ARCHISTRADE&outputFormat=application/json&srsName=EPSG:4326",
        "stato_validazione": "NON_VALIDATO",
        "precisione": "INDICATIVA_NON_QUANTIFICATA",
        "data_elaborazione": "2026-10-08",
        "nota": "VIA LOUIS PASTEUR: asse di riferimento esteso; NON identifica i soli 700 m circa di Pasteur o 400 m circa di Cialdini citati dalla fonte. Non usare l'intero asse come perimetro del finanziamento.",
        "colore": "#059669",
        "utilizzabile_per_kpi_km": false,
        "certifica_realizzazione": false,
        "cup": "J89J22002390001",
        "nome_intervento": "Ciclovie 1 e 2 San Lazzaro - Centro"
      }
    },
    {
      "type": "Feature",
      "id": "J89J22002390001_VIA_LOUIS_PASTEUR_6",
      "geometry": {
        "type": "LineString",
        "coordinates": [
          [
            10.68099367,
            44.68161659
          ],
          [
            10.68135392,
            44.68149575
          ],
          [
            10.68211221,
            44.68124047
          ],
          [
            10.68246404,
            44.6811156
          ]
        ]
      },
      "properties": {
        "CUP": "J89J22002390001",
        "nome": "Ciclovie 1 e 2 San Lazzaro - Centro",
        "segmento_id": "VIA_LOUIS_PASTEUR_6",
        "ruolo_geometria": "CORRIDOIO_STRADALE_DA_DELIMITARE",
        "metodo": "Asse stradale ufficiale della via indicata",
        "fonte": "https://geoserver.comune.re.it/geoserver/ows?service=WFS&version=1.0.0&request=GetFeature&typeName=geo_re:SIT_ARCHISTRADE&outputFormat=application/json&srsName=EPSG:4326",
        "stato_validazione": "NON_VALIDATO",
        "precisione": "INDICATIVA_NON_QUANTIFICATA",
        "data_elaborazione": "2026-10-08",
        "nota": "VIA LOUIS PASTEUR: asse di riferimento esteso; NON identifica i soli 700 m circa di Pasteur o 400 m circa di Cialdini citati dalla fonte. Non usare l'intero asse come perimetro del finanziamento.",
        "colore": "#059669",
        "utilizzabile_per_kpi_km": false,
        "certifica_realizzazione": false,
        "cup": "J89J22002390001",
        "nome_intervento": "Ciclovie 1 e 2 San Lazzaro - Centro"
      }
    },
    {
      "type": "Feature",
      "id": "J89J22002390001_VIA_LOUIS_PASTEUR_7",
      "geometry": {
        "type": "LineString",
        "coordinates": [
          [
            10.67863462,
            44.68240258
          ],
          [
            10.67956498,
            44.68209191
          ],
          [
            10.68041913,
            44.68180625
          ],
          [
            10.68099367,
            44.68161659
          ]
        ]
      },
      "properties": {
        "CUP": "J89J22002390001",
        "nome": "Ciclovie 1 e 2 San Lazzaro - Centro",
        "segmento_id": "VIA_LOUIS_PASTEUR_7",
        "ruolo_geometria": "CORRIDOIO_STRADALE_DA_DELIMITARE",
        "metodo": "Asse stradale ufficiale della via indicata",
        "fonte": "https://geoserver.comune.re.it/geoserver/ows?service=WFS&version=1.0.0&request=GetFeature&typeName=geo_re:SIT_ARCHISTRADE&outputFormat=application/json&srsName=EPSG:4326",
        "stato_validazione": "NON_VALIDATO",
        "precisione": "INDICATIVA_NON_QUANTIFICATA",
        "data_elaborazione": "2026-10-08",
        "nota": "VIA LOUIS PASTEUR: asse di riferimento esteso; NON identifica i soli 700 m circa di Pasteur o 400 m circa di Cialdini citati dalla fonte. Non usare l'intero asse come perimetro del finanziamento.",
        "colore": "#059669",
        "utilizzabile_per_kpi_km": false,
        "certifica_realizzazione": false,
        "cup": "J89J22002390001",
        "nome_intervento": "Ciclovie 1 e 2 San Lazzaro - Centro"
      }
    },
    {
      "type": "Feature",
      "id": "J89J22002390001_VIA_LOUIS_PASTEUR_8",
      "geometry": {
        "type": "LineString",
        "coordinates": [
          [
            10.67470855,
            44.68369892
          ],
          [
            10.67515335,
            44.68355585
          ]
        ]
      },
      "properties": {
        "CUP": "J89J22002390001",
        "nome": "Ciclovie 1 e 2 San Lazzaro - Centro",
        "segmento_id": "VIA_LOUIS_PASTEUR_8",
        "ruolo_geometria": "CORRIDOIO_STRADALE_DA_DELIMITARE",
        "metodo": "Asse stradale ufficiale della via indicata",
        "fonte": "https://geoserver.comune.re.it/geoserver/ows?service=WFS&version=1.0.0&request=GetFeature&typeName=geo_re:SIT_ARCHISTRADE&outputFormat=application/json&srsName=EPSG:4326",
        "stato_validazione": "NON_VALIDATO",
        "precisione": "INDICATIVA_NON_QUANTIFICATA",
        "data_elaborazione": "2026-10-08",
        "nota": "VIA LOUIS PASTEUR: asse di riferimento esteso; NON identifica i soli 700 m circa di Pasteur o 400 m circa di Cialdini citati dalla fonte. Non usare l'intero asse come perimetro del finanziamento.",
        "colore": "#059669",
        "utilizzabile_per_kpi_km": false,
        "certifica_realizzazione": false,
        "cup": "J89J22002390001",
        "nome_intervento": "Ciclovie 1 e 2 San Lazzaro - Centro"
      }
    },
    {
      "type": "Feature",
      "id": "J89J22002390001_VIA_LOUIS_PASTEUR_9",
      "geometry": {
        "type": "LineString",
        "coordinates": [
          [
            10.68713193,
            44.67636211
          ],
          [
            10.68745721,
            44.67661485
          ],
          [
            10.68787232,
            44.67694152
          ],
          [
            10.68820689,
            44.67719269
          ],
          [
            10.68842655,
            44.67735328
          ],
          [
            10.68881133,
            44.67764727
          ],
          [
            10.6891784,
            44.67792234
          ],
          [
            10.68943062,
            44.67816995
          ]
        ]
      },
      "properties": {
        "CUP": "J89J22002390001",
        "nome": "Ciclovie 1 e 2 San Lazzaro - Centro",
        "segmento_id": "VIA_LOUIS_PASTEUR_9",
        "ruolo_geometria": "CORRIDOIO_STRADALE_DA_DELIMITARE",
        "metodo": "Asse stradale ufficiale della via indicata",
        "fonte": "https://geoserver.comune.re.it/geoserver/ows?service=WFS&version=1.0.0&request=GetFeature&typeName=geo_re:SIT_ARCHISTRADE&outputFormat=application/json&srsName=EPSG:4326",
        "stato_validazione": "NON_VALIDATO",
        "precisione": "INDICATIVA_NON_QUANTIFICATA",
        "data_elaborazione": "2026-10-08",
        "nota": "VIA LOUIS PASTEUR: asse di riferimento esteso; NON identifica i soli 700 m circa di Pasteur o 400 m circa di Cialdini citati dalla fonte. Non usare l'intero asse come perimetro del finanziamento.",
        "colore": "#059669",
        "utilizzabile_per_kpi_km": false,
        "certifica_realizzazione": false,
        "cup": "J89J22002390001",
        "nome_intervento": "Ciclovie 1 e 2 San Lazzaro - Centro"
      }
    },
    {
      "type": "Feature",
      "id": "J89J22002390001_VIA_LOUIS_PASTEUR_10",
      "geometry": {
        "type": "LineString",
        "coordinates": [
          [
            10.69113994,
            44.67646908
          ],
          [
            10.69117568,
            44.67638502
          ],
          [
            10.6913018,
            44.67626701
          ],
          [
            10.69140251,
            44.67618968
          ],
          [
            10.6914973,
            44.67613673
          ],
          [
            10.69162849,
            44.67607969
          ],
          [
            10.69174865,
            44.67604295
          ],
          [
            10.69184767,
            44.67602134
          ],
          [
            10.69194361,
            44.67600807
          ],
          [
            10.69203976,
            44.6760019
          ],
          [
            10.6922937,
            44.67599636
          ],
          [
            10.69313728,
            44.67599333
          ],
          [
            10.69330971,
            44.67598366
          ],
          [
            10.69345857,
            44.6759625
          ],
          [
            10.69362028,
            44.67592692
          ],
          [
            10.69374873,
            44.67588946
          ],
          [
            10.6939,
            44.67583745
          ],
          [
            10.69402458,
            44.67578109
          ],
          [
            10.69429018,
            44.67566339
          ],
          [
            10.69533291,
            44.67519999
          ],
          [
            10.69552247,
            44.67513313
          ],
          [
            10.69566074,
            44.67509569
          ]
        ]
      },
      "properties": {
        "CUP": "J89J22002390001",
        "nome": "Ciclovie 1 e 2 San Lazzaro - Centro",
        "segmento_id": "VIA_LOUIS_PASTEUR_10",
        "ruolo_geometria": "CORRIDOIO_STRADALE_DA_DELIMITARE",
        "metodo": "Asse stradale ufficiale della via indicata",
        "fonte": "https://geoserver.comune.re.it/geoserver/ows?service=WFS&version=1.0.0&request=GetFeature&typeName=geo_re:SIT_ARCHISTRADE&outputFormat=application/json&srsName=EPSG:4326",
        "stato_validazione": "NON_VALIDATO",
        "precisione": "INDICATIVA_NON_QUANTIFICATA",
        "data_elaborazione": "2026-10-08",
        "nota": "VIA LOUIS PASTEUR: asse di riferimento esteso; NON identifica i soli 700 m circa di Pasteur o 400 m circa di Cialdini citati dalla fonte. Non usare l'intero asse come perimetro del finanziamento.",
        "colore": "#059669",
        "utilizzabile_per_kpi_km": false,
        "certifica_realizzazione": false,
        "cup": "J89J22002390001",
        "nome_intervento": "Ciclovie 1 e 2 San Lazzaro - Centro"
      }
    },
    {
      "type": "Feature",
      "id": "J89J22002390001_VIA_LOUIS_PASTEUR_11",
      "geometry": {
        "type": "LineString",
        "coordinates": [
          [
            10.68754389,
            44.67908422
          ],
          [
            10.68943062,
            44.67816995
          ]
        ]
      },
      "properties": {
        "CUP": "J89J22002390001",
        "nome": "Ciclovie 1 e 2 San Lazzaro - Centro",
        "segmento_id": "VIA_LOUIS_PASTEUR_11",
        "ruolo_geometria": "CORRIDOIO_STRADALE_DA_DELIMITARE",
        "metodo": "Asse stradale ufficiale della via indicata",
        "fonte": "https://geoserver.comune.re.it/geoserver/ows?service=WFS&version=1.0.0&request=GetFeature&typeName=geo_re:SIT_ARCHISTRADE&outputFormat=application/json&srsName=EPSG:4326",
        "stato_validazione": "NON_VALIDATO",
        "precisione": "INDICATIVA_NON_QUANTIFICATA",
        "data_elaborazione": "2026-10-08",
        "nota": "VIA LOUIS PASTEUR: asse di riferimento esteso; NON identifica i soli 700 m circa di Pasteur o 400 m circa di Cialdini citati dalla fonte. Non usare l'intero asse come perimetro del finanziamento.",
        "colore": "#059669",
        "utilizzabile_per_kpi_km": false,
        "certifica_realizzazione": false,
        "cup": "J89J22002390001",
        "nome_intervento": "Ciclovie 1 e 2 San Lazzaro - Centro"
      }
    },
    {
      "type": "Feature",
      "id": "J89J22002390001_VIA_LOUIS_PASTEUR_12",
      "geometry": {
        "type": "LineString",
        "coordinates": [
          [
            10.68317228,
            44.68076715
          ],
          [
            10.68320876,
            44.68079386
          ],
          [
            10.68323609,
            44.68081953
          ],
          [
            10.68325603,
            44.68084886
          ],
          [
            10.68327268,
            44.68087883
          ],
          [
            10.68328274,
            44.68091068
          ]
        ]
      },
      "properties": {
        "CUP": "J89J22002390001",
        "nome": "Ciclovie 1 e 2 San Lazzaro - Centro",
        "segmento_id": "VIA_LOUIS_PASTEUR_12",
        "ruolo_geometria": "CORRIDOIO_STRADALE_DA_DELIMITARE",
        "metodo": "Asse stradale ufficiale della via indicata",
        "fonte": "https://geoserver.comune.re.it/geoserver/ows?service=WFS&version=1.0.0&request=GetFeature&typeName=geo_re:SIT_ARCHISTRADE&outputFormat=application/json&srsName=EPSG:4326",
        "stato_validazione": "NON_VALIDATO",
        "precisione": "INDICATIVA_NON_QUANTIFICATA",
        "data_elaborazione": "2026-10-08",
        "nota": "VIA LOUIS PASTEUR: asse di riferimento esteso; NON identifica i soli 700 m circa di Pasteur o 400 m circa di Cialdini citati dalla fonte. Non usare l'intero asse come perimetro del finanziamento.",
        "colore": "#059669",
        "utilizzabile_per_kpi_km": false,
        "certifica_realizzazione": false,
        "cup": "J89J22002390001",
        "nome_intervento": "Ciclovie 1 e 2 San Lazzaro - Centro"
      }
    },
    {
      "type": "Feature",
      "id": "J89J22002390001_VIA_LOUIS_PASTEUR_13",
      "geometry": {
        "type": "LineString",
        "coordinates": [
          [
            10.6834702,
            44.6807595
          ],
          [
            10.68346252,
            44.68078123
          ],
          [
            10.68341822,
            44.68080025
          ],
          [
            10.68338547,
            44.68081615
          ],
          [
            10.68335938,
            44.68083311
          ],
          [
            10.6833375,
            44.68085181
          ],
          [
            10.6833181,
            44.68086986
          ],
          [
            10.68328274,
            44.68091068
          ]
        ]
      },
      "properties": {
        "CUP": "J89J22002390001",
        "nome": "Ciclovie 1 e 2 San Lazzaro - Centro",
        "segmento_id": "VIA_LOUIS_PASTEUR_13",
        "ruolo_geometria": "CORRIDOIO_STRADALE_DA_DELIMITARE",
        "metodo": "Asse stradale ufficiale della via indicata",
        "fonte": "https://geoserver.comune.re.it/geoserver/ows?service=WFS&version=1.0.0&request=GetFeature&typeName=geo_re:SIT_ARCHISTRADE&outputFormat=application/json&srsName=EPSG:4326",
        "stato_validazione": "NON_VALIDATO",
        "precisione": "INDICATIVA_NON_QUANTIFICATA",
        "data_elaborazione": "2026-10-08",
        "nota": "VIA LOUIS PASTEUR: asse di riferimento esteso; NON identifica i soli 700 m circa di Pasteur o 400 m circa di Cialdini citati dalla fonte. Non usare l'intero asse come perimetro del finanziamento.",
        "colore": "#059669",
        "utilizzabile_per_kpi_km": false,
        "certifica_realizzazione": false,
        "cup": "J89J22002390001",
        "nome_intervento": "Ciclovie 1 e 2 San Lazzaro - Centro"
      }
    },
    {
      "type": "Feature",
      "id": "J89J22002390001_VIA_LOUIS_PASTEUR_14",
      "geometry": {
        "type": "LineString",
        "coordinates": [
          [
            10.68328535,
            44.68094382
          ],
          [
            10.6832822,
            44.68097823
          ],
          [
            10.68327312,
            44.68100858
          ],
          [
            10.68325817,
            44.68103724
          ],
          [
            10.68324143,
            44.68106118
          ],
          [
            10.68322373,
            44.681081
          ],
          [
            10.68320432,
            44.68109906
          ],
          [
            10.68317585,
            44.68111963
          ],
          [
            10.68314561,
            44.68113607
          ]
        ]
      },
      "properties": {
        "CUP": "J89J22002390001",
        "nome": "Ciclovie 1 e 2 San Lazzaro - Centro",
        "segmento_id": "VIA_LOUIS_PASTEUR_14",
        "ruolo_geometria": "CORRIDOIO_STRADALE_DA_DELIMITARE",
        "metodo": "Asse stradale ufficiale della via indicata",
        "fonte": "https://geoserver.comune.re.it/geoserver/ows?service=WFS&version=1.0.0&request=GetFeature&typeName=geo_re:SIT_ARCHISTRADE&outputFormat=application/json&srsName=EPSG:4326",
        "stato_validazione": "NON_VALIDATO",
        "precisione": "INDICATIVA_NON_QUANTIFICATA",
        "data_elaborazione": "2026-10-08",
        "nota": "VIA LOUIS PASTEUR: asse di riferimento esteso; NON identifica i soli 700 m circa di Pasteur o 400 m circa di Cialdini citati dalla fonte. Non usare l'intero asse come perimetro del finanziamento.",
        "colore": "#059669",
        "utilizzabile_per_kpi_km": false,
        "certifica_realizzazione": false,
        "cup": "J89J22002390001",
        "nome_intervento": "Ciclovie 1 e 2 San Lazzaro - Centro"
      }
    },
    {
      "type": "Feature",
      "id": "J89J22002390001_VIA_LOUIS_PASTEUR_15",
      "geometry": {
        "type": "LineString",
        "coordinates": [
          [
            10.68314561,
            44.68113607
          ],
          [
            10.68311364,
            44.68115076
          ],
          [
            10.68307248,
            44.68116322
          ],
          [
            10.68302543,
            44.68117339
          ],
          [
            10.68297741,
            44.68117824
          ],
          [
            10.68293422,
            44.68117829
          ],
          [
            10.68288759,
            44.68117364
          ],
          [
            10.68284581,
            44.68116478
          ],
          [
            10.68280474,
            44.68115175
          ],
          [
            10.68277363,
            44.68113859
          ],
          [
            10.68273988,
            44.68112013
          ]
        ]
      },
      "properties": {
        "CUP": "J89J22002390001",
        "nome": "Ciclovie 1 e 2 San Lazzaro - Centro",
        "segmento_id": "VIA_LOUIS_PASTEUR_15",
        "ruolo_geometria": "CORRIDOIO_STRADALE_DA_DELIMITARE",
        "metodo": "Asse stradale ufficiale della via indicata",
        "fonte": "https://geoserver.comune.re.it/geoserver/ows?service=WFS&version=1.0.0&request=GetFeature&typeName=geo_re:SIT_ARCHISTRADE&outputFormat=application/json&srsName=EPSG:4326",
        "stato_validazione": "NON_VALIDATO",
        "precisione": "INDICATIVA_NON_QUANTIFICATA",
        "data_elaborazione": "2026-10-08",
        "nota": "VIA LOUIS PASTEUR: asse di riferimento esteso; NON identifica i soli 700 m circa di Pasteur o 400 m circa di Cialdini citati dalla fonte. Non usare l'intero asse come perimetro del finanziamento.",
        "colore": "#059669",
        "utilizzabile_per_kpi_km": false,
        "certifica_realizzazione": false,
        "cup": "J89J22002390001",
        "nome_intervento": "Ciclovie 1 e 2 San Lazzaro - Centro"
      }
    },
    {
      "type": "Feature",
      "id": "J89J22002390001_VIA_LOUIS_PASTEUR_16",
      "geometry": {
        "type": "LineString",
        "coordinates": [
          [
            10.68273988,
            44.68112013
          ],
          [
            10.68265325,
            44.68111104
          ],
          [
            10.68260336,
            44.68110911
          ],
          [
            10.68255444,
            44.6811116
          ],
          [
            10.68251479,
            44.68111871
          ],
          [
            10.68246404,
            44.6811156
          ]
        ]
      },
      "properties": {
        "CUP": "J89J22002390001",
        "nome": "Ciclovie 1 e 2 San Lazzaro - Centro",
        "segmento_id": "VIA_LOUIS_PASTEUR_16",
        "ruolo_geometria": "CORRIDOIO_STRADALE_DA_DELIMITARE",
        "metodo": "Asse stradale ufficiale della via indicata",
        "fonte": "https://geoserver.comune.re.it/geoserver/ows?service=WFS&version=1.0.0&request=GetFeature&typeName=geo_re:SIT_ARCHISTRADE&outputFormat=application/json&srsName=EPSG:4326",
        "stato_validazione": "NON_VALIDATO",
        "precisione": "INDICATIVA_NON_QUANTIFICATA",
        "data_elaborazione": "2026-10-08",
        "nota": "VIA LOUIS PASTEUR: asse di riferimento esteso; NON identifica i soli 700 m circa di Pasteur o 400 m circa di Cialdini citati dalla fonte. Non usare l'intero asse come perimetro del finanziamento.",
        "colore": "#059669",
        "utilizzabile_per_kpi_km": false,
        "certifica_realizzazione": false,
        "cup": "J89J22002390001",
        "nome_intervento": "Ciclovie 1 e 2 San Lazzaro - Centro"
      }
    },
    {
      "type": "Feature",
      "id": "J89J22002390001_VIA_LOUIS_PASTEUR_17",
      "geometry": {
        "type": "LineString",
        "coordinates": [
          [
            10.68246404,
            44.6811156
          ],
          [
            10.68248647,
            44.68108713
          ],
          [
            10.68253146,
            44.68106336
          ],
          [
            10.68257136,
            44.68103611
          ],
          [
            10.68259475,
            44.68101265
          ],
          [
            10.68263178,
            44.68097182
          ]
        ]
      },
      "properties": {
        "CUP": "J89J22002390001",
        "nome": "Ciclovie 1 e 2 San Lazzaro - Centro",
        "segmento_id": "VIA_LOUIS_PASTEUR_17",
        "ruolo_geometria": "CORRIDOIO_STRADALE_DA_DELIMITARE",
        "metodo": "Asse stradale ufficiale della via indicata",
        "fonte": "https://geoserver.comune.re.it/geoserver/ows?service=WFS&version=1.0.0&request=GetFeature&typeName=geo_re:SIT_ARCHISTRADE&outputFormat=application/json&srsName=EPSG:4326",
        "stato_validazione": "NON_VALIDATO",
        "precisione": "INDICATIVA_NON_QUANTIFICATA",
        "data_elaborazione": "2026-10-08",
        "nota": "VIA LOUIS PASTEUR: asse di riferimento esteso; NON identifica i soli 700 m circa di Pasteur o 400 m circa di Cialdini citati dalla fonte. Non usare l'intero asse come perimetro del finanziamento.",
        "colore": "#059669",
        "utilizzabile_per_kpi_km": false,
        "certifica_realizzazione": false,
        "cup": "J89J22002390001",
        "nome_intervento": "Ciclovie 1 e 2 San Lazzaro - Centro"
      }
    },
    {
      "type": "Feature",
      "id": "J89J22002390001_VIA_LOUIS_PASTEUR_18",
      "geometry": {
        "type": "LineString",
        "coordinates": [
          [
            10.68273988,
            44.68112013
          ],
          [
            10.68271272,
            44.68109979
          ],
          [
            10.68268543,
            44.68107531
          ],
          [
            10.68266564,
            44.68105131
          ],
          [
            10.6826517,
            44.681029
          ],
          [
            10.68263838,
            44.68099897
          ],
          [
            10.68263178,
            44.68097182
          ]
        ]
      },
      "properties": {
        "CUP": "J89J22002390001",
        "nome": "Ciclovie 1 e 2 San Lazzaro - Centro",
        "segmento_id": "VIA_LOUIS_PASTEUR_18",
        "ruolo_geometria": "CORRIDOIO_STRADALE_DA_DELIMITARE",
        "metodo": "Asse stradale ufficiale della via indicata",
        "fonte": "https://geoserver.comune.re.it/geoserver/ows?service=WFS&version=1.0.0&request=GetFeature&typeName=geo_re:SIT_ARCHISTRADE&outputFormat=application/json&srsName=EPSG:4326",
        "stato_validazione": "NON_VALIDATO",
        "precisione": "INDICATIVA_NON_QUANTIFICATA",
        "data_elaborazione": "2026-10-08",
        "nota": "VIA LOUIS PASTEUR: asse di riferimento esteso; NON identifica i soli 700 m circa di Pasteur o 400 m circa di Cialdini citati dalla fonte. Non usare l'intero asse come perimetro del finanziamento.",
        "colore": "#059669",
        "utilizzabile_per_kpi_km": false,
        "certifica_realizzazione": false,
        "cup": "J89J22002390001",
        "nome_intervento": "Ciclovie 1 e 2 San Lazzaro - Centro"
      }
    },
    {
      "type": "Feature",
      "id": "J89J22002390001_VIA_LOUIS_PASTEUR_19",
      "geometry": {
        "type": "LineString",
        "coordinates": [
          [
            10.68263178,
            44.68097182
          ],
          [
            10.68262939,
            44.68094698
          ],
          [
            10.68263181,
            44.68091553
          ],
          [
            10.68264242,
            44.68088042
          ]
        ]
      },
      "properties": {
        "CUP": "J89J22002390001",
        "nome": "Ciclovie 1 e 2 San Lazzaro - Centro",
        "segmento_id": "VIA_LOUIS_PASTEUR_19",
        "ruolo_geometria": "CORRIDOIO_STRADALE_DA_DELIMITARE",
        "metodo": "Asse stradale ufficiale della via indicata",
        "fonte": "https://geoserver.comune.re.it/geoserver/ows?service=WFS&version=1.0.0&request=GetFeature&typeName=geo_re:SIT_ARCHISTRADE&outputFormat=application/json&srsName=EPSG:4326",
        "stato_validazione": "NON_VALIDATO",
        "precisione": "INDICATIVA_NON_QUANTIFICATA",
        "data_elaborazione": "2026-10-08",
        "nota": "VIA LOUIS PASTEUR: asse di riferimento esteso; NON identifica i soli 700 m circa di Pasteur o 400 m circa di Cialdini citati dalla fonte. Non usare l'intero asse come perimetro del finanziamento.",
        "colore": "#059669",
        "utilizzabile_per_kpi_km": false,
        "certifica_realizzazione": false,
        "cup": "J89J22002390001",
        "nome_intervento": "Ciclovie 1 e 2 San Lazzaro - Centro"
      }
    },
    {
      "type": "Feature",
      "id": "J89J22002390001_VIA_LOUIS_PASTEUR_20",
      "geometry": {
        "type": "LineString",
        "coordinates": [
          [
            10.68282656,
            44.68072958
          ],
          [
            10.68287355,
            44.68071763
          ],
          [
            10.68292652,
            44.68071152
          ],
          [
            10.68297716,
            44.68071077
          ],
          [
            10.68303545,
            44.68071643
          ],
          [
            10.68308732,
            44.6807293
          ],
          [
            10.68313182,
            44.68074641
          ],
          [
            10.68317228,
            44.68076715
          ]
        ]
      },
      "properties": {
        "CUP": "J89J22002390001",
        "nome": "Ciclovie 1 e 2 San Lazzaro - Centro",
        "segmento_id": "VIA_LOUIS_PASTEUR_20",
        "ruolo_geometria": "CORRIDOIO_STRADALE_DA_DELIMITARE",
        "metodo": "Asse stradale ufficiale della via indicata",
        "fonte": "https://geoserver.comune.re.it/geoserver/ows?service=WFS&version=1.0.0&request=GetFeature&typeName=geo_re:SIT_ARCHISTRADE&outputFormat=application/json&srsName=EPSG:4326",
        "stato_validazione": "NON_VALIDATO",
        "precisione": "INDICATIVA_NON_QUANTIFICATA",
        "data_elaborazione": "2026-10-08",
        "nota": "VIA LOUIS PASTEUR: asse di riferimento esteso; NON identifica i soli 700 m circa di Pasteur o 400 m circa di Cialdini citati dalla fonte. Non usare l'intero asse come perimetro del finanziamento.",
        "colore": "#059669",
        "utilizzabile_per_kpi_km": false,
        "certifica_realizzazione": false,
        "cup": "J89J22002390001",
        "nome_intervento": "Ciclovie 1 e 2 San Lazzaro - Centro"
      }
    },
    {
      "type": "Feature",
      "id": "J89J22002390001_VIA_LOUIS_PASTEUR_21",
      "geometry": {
        "type": "LineString",
        "coordinates": [
          [
            10.68264242,
            44.68088042
          ],
          [
            10.68265972,
            44.68084698
          ],
          [
            10.68267728,
            44.68082244
          ],
          [
            10.68270065,
            44.6807978
          ],
          [
            10.68272908,
            44.68077605
          ],
          [
            10.68276176,
            44.6807572
          ],
          [
            10.6827937,
            44.68074192
          ],
          [
            10.68282656,
            44.68072958
          ]
        ]
      },
      "properties": {
        "CUP": "J89J22002390001",
        "nome": "Ciclovie 1 e 2 San Lazzaro - Centro",
        "segmento_id": "VIA_LOUIS_PASTEUR_21",
        "ruolo_geometria": "CORRIDOIO_STRADALE_DA_DELIMITARE",
        "metodo": "Asse stradale ufficiale della via indicata",
        "fonte": "https://geoserver.comune.re.it/geoserver/ows?service=WFS&version=1.0.0&request=GetFeature&typeName=geo_re:SIT_ARCHISTRADE&outputFormat=application/json&srsName=EPSG:4326",
        "stato_validazione": "NON_VALIDATO",
        "precisione": "INDICATIVA_NON_QUANTIFICATA",
        "data_elaborazione": "2026-10-08",
        "nota": "VIA LOUIS PASTEUR: asse di riferimento esteso; NON identifica i soli 700 m circa di Pasteur o 400 m circa di Cialdini citati dalla fonte. Non usare l'intero asse come perimetro del finanziamento.",
        "colore": "#059669",
        "utilizzabile_per_kpi_km": false,
        "certifica_realizzazione": false,
        "cup": "J89J22002390001",
        "nome_intervento": "Ciclovie 1 e 2 San Lazzaro - Centro"
      }
    },
    {
      "type": "Feature",
      "id": "J89J22002390001_VIA_LOUIS_PASTEUR_22",
      "geometry": {
        "type": "LineString",
        "coordinates": [
          [
            10.67273268,
            44.68433567
          ],
          [
            10.67322674,
            44.68418042
          ],
          [
            10.67370785,
            44.68402587
          ],
          [
            10.67458436,
            44.6837353
          ],
          [
            10.67470855,
            44.68369892
          ]
        ]
      },
      "properties": {
        "CUP": "J89J22002390001",
        "nome": "Ciclovie 1 e 2 San Lazzaro - Centro",
        "segmento_id": "VIA_LOUIS_PASTEUR_22",
        "ruolo_geometria": "CORRIDOIO_STRADALE_DA_DELIMITARE",
        "metodo": "Asse stradale ufficiale della via indicata",
        "fonte": "https://geoserver.comune.re.it/geoserver/ows?service=WFS&version=1.0.0&request=GetFeature&typeName=geo_re:SIT_ARCHISTRADE&outputFormat=application/json&srsName=EPSG:4326",
        "stato_validazione": "NON_VALIDATO",
        "precisione": "INDICATIVA_NON_QUANTIFICATA",
        "data_elaborazione": "2026-10-08",
        "nota": "VIA LOUIS PASTEUR: asse di riferimento esteso; NON identifica i soli 700 m circa di Pasteur o 400 m circa di Cialdini citati dalla fonte. Non usare l'intero asse come perimetro del finanziamento.",
        "colore": "#059669",
        "utilizzabile_per_kpi_km": false,
        "certifica_realizzazione": false,
        "cup": "J89J22002390001",
        "nome_intervento": "Ciclovie 1 e 2 San Lazzaro - Centro"
      }
    },
    {
      "type": "Feature",
      "id": "J89J22002390001_VIA_LOUIS_PASTEUR_23",
      "geometry": {
        "type": "LineString",
        "coordinates": [
          [
            10.68754389,
            44.67908422
          ],
          [
            10.68714614,
            44.67860757
          ]
        ]
      },
      "properties": {
        "CUP": "J89J22002390001",
        "nome": "Ciclovie 1 e 2 San Lazzaro - Centro",
        "segmento_id": "VIA_LOUIS_PASTEUR_23",
        "ruolo_geometria": "CORRIDOIO_STRADALE_DA_DELIMITARE",
        "metodo": "Asse stradale ufficiale della via indicata",
        "fonte": "https://geoserver.comune.re.it/geoserver/ows?service=WFS&version=1.0.0&request=GetFeature&typeName=geo_re:SIT_ARCHISTRADE&outputFormat=application/json&srsName=EPSG:4326",
        "stato_validazione": "NON_VALIDATO",
        "precisione": "INDICATIVA_NON_QUANTIFICATA",
        "data_elaborazione": "2026-10-08",
        "nota": "VIA LOUIS PASTEUR: asse di riferimento esteso; NON identifica i soli 700 m circa di Pasteur o 400 m circa di Cialdini citati dalla fonte. Non usare l'intero asse come perimetro del finanziamento.",
        "colore": "#059669",
        "utilizzabile_per_kpi_km": false,
        "certifica_realizzazione": false,
        "cup": "J89J22002390001",
        "nome_intervento": "Ciclovie 1 e 2 San Lazzaro - Centro"
      }
    },
    {
      "type": "Feature",
      "id": "J89J22002390001_VIA_LOUIS_PASTEUR_24",
      "geometry": {
        "type": "LineString",
        "coordinates": [
          [
            10.69017548,
            44.67762687
          ],
          [
            10.69017338,
            44.67755461
          ],
          [
            10.69016037,
            44.67750741
          ],
          [
            10.69014056,
            44.67745438
          ],
          [
            10.6901163,
            44.67741919
          ],
          [
            10.69009209,
            44.67738637
          ]
        ]
      },
      "properties": {
        "CUP": "J89J22002390001",
        "nome": "Ciclovie 1 e 2 San Lazzaro - Centro",
        "segmento_id": "VIA_LOUIS_PASTEUR_24",
        "ruolo_geometria": "CORRIDOIO_STRADALE_DA_DELIMITARE",
        "metodo": "Asse stradale ufficiale della via indicata",
        "fonte": "https://geoserver.comune.re.it/geoserver/ows?service=WFS&version=1.0.0&request=GetFeature&typeName=geo_re:SIT_ARCHISTRADE&outputFormat=application/json&srsName=EPSG:4326",
        "stato_validazione": "NON_VALIDATO",
        "precisione": "INDICATIVA_NON_QUANTIFICATA",
        "data_elaborazione": "2026-10-08",
        "nota": "VIA LOUIS PASTEUR: asse di riferimento esteso; NON identifica i soli 700 m circa di Pasteur o 400 m circa di Cialdini citati dalla fonte. Non usare l'intero asse come perimetro del finanziamento.",
        "colore": "#059669",
        "utilizzabile_per_kpi_km": false,
        "certifica_realizzazione": false,
        "cup": "J89J22002390001",
        "nome_intervento": "Ciclovie 1 e 2 San Lazzaro - Centro"
      }
    },
    {
      "type": "Feature",
      "id": "J89J22002390001_VIA_LOUIS_PASTEUR_25",
      "geometry": {
        "type": "LineString",
        "coordinates": [
          [
            10.67686544,
            44.68299003
          ],
          [
            10.67789289,
            44.68264959
          ]
        ]
      },
      "properties": {
        "CUP": "J89J22002390001",
        "nome": "Ciclovie 1 e 2 San Lazzaro - Centro",
        "segmento_id": "VIA_LOUIS_PASTEUR_25",
        "ruolo_geometria": "CORRIDOIO_STRADALE_DA_DELIMITARE",
        "metodo": "Asse stradale ufficiale della via indicata",
        "fonte": "https://geoserver.comune.re.it/geoserver/ows?service=WFS&version=1.0.0&request=GetFeature&typeName=geo_re:SIT_ARCHISTRADE&outputFormat=application/json&srsName=EPSG:4326",
        "stato_validazione": "NON_VALIDATO",
        "precisione": "INDICATIVA_NON_QUANTIFICATA",
        "data_elaborazione": "2026-10-08",
        "nota": "VIA LOUIS PASTEUR: asse di riferimento esteso; NON identifica i soli 700 m circa di Pasteur o 400 m circa di Cialdini citati dalla fonte. Non usare l'intero asse come perimetro del finanziamento.",
        "colore": "#059669",
        "utilizzabile_per_kpi_km": false,
        "certifica_realizzazione": false,
        "cup": "J89J22002390001",
        "nome_intervento": "Ciclovie 1 e 2 San Lazzaro - Centro"
      }
    },
    {
      "type": "Feature",
      "id": "J89J22002390001_VIA_LOUIS_PASTEUR_26",
      "geometry": {
        "type": "LineString",
        "coordinates": [
          [
            10.69009209,
            44.67738637
          ],
          [
            10.69014712,
            44.67739385
          ],
          [
            10.69019034,
            44.67739558
          ],
          [
            10.69022499,
            44.67738796
          ],
          [
            10.69025938,
            44.67737086
          ],
          [
            10.69037874,
            44.67730628
          ],
          [
            10.69046861,
            44.67728593
          ]
        ]
      },
      "properties": {
        "CUP": "J89J22002390001",
        "nome": "Ciclovie 1 e 2 San Lazzaro - Centro",
        "segmento_id": "VIA_LOUIS_PASTEUR_26",
        "ruolo_geometria": "CORRIDOIO_STRADALE_DA_DELIMITARE",
        "metodo": "Asse stradale ufficiale della via indicata",
        "fonte": "https://geoserver.comune.re.it/geoserver/ows?service=WFS&version=1.0.0&request=GetFeature&typeName=geo_re:SIT_ARCHISTRADE&outputFormat=application/json&srsName=EPSG:4326",
        "stato_validazione": "NON_VALIDATO",
        "precisione": "INDICATIVA_NON_QUANTIFICATA",
        "data_elaborazione": "2026-10-08",
        "nota": "VIA LOUIS PASTEUR: asse di riferimento esteso; NON identifica i soli 700 m circa di Pasteur o 400 m circa di Cialdini citati dalla fonte. Non usare l'intero asse come perimetro del finanziamento.",
        "colore": "#059669",
        "utilizzabile_per_kpi_km": false,
        "certifica_realizzazione": false,
        "cup": "J89J22002390001",
        "nome_intervento": "Ciclovie 1 e 2 San Lazzaro - Centro"
      }
    },
    {
      "type": "Feature",
      "id": "J89J22002390001_VIA_LOUIS_PASTEUR_27",
      "geometry": {
        "type": "LineString",
        "coordinates": [
          [
            10.67605218,
            44.68326073
          ],
          [
            10.67647233,
            44.68312308
          ]
        ]
      },
      "properties": {
        "CUP": "J89J22002390001",
        "nome": "Ciclovie 1 e 2 San Lazzaro - Centro",
        "segmento_id": "VIA_LOUIS_PASTEUR_27",
        "ruolo_geometria": "CORRIDOIO_STRADALE_DA_DELIMITARE",
        "metodo": "Asse stradale ufficiale della via indicata",
        "fonte": "https://geoserver.comune.re.it/geoserver/ows?service=WFS&version=1.0.0&request=GetFeature&typeName=geo_re:SIT_ARCHISTRADE&outputFormat=application/json&srsName=EPSG:4326",
        "stato_validazione": "NON_VALIDATO",
        "precisione": "INDICATIVA_NON_QUANTIFICATA",
        "data_elaborazione": "2026-10-08",
        "nota": "VIA LOUIS PASTEUR: asse di riferimento esteso; NON identifica i soli 700 m circa di Pasteur o 400 m circa di Cialdini citati dalla fonte. Non usare l'intero asse come perimetro del finanziamento.",
        "colore": "#059669",
        "utilizzabile_per_kpi_km": false,
        "certifica_realizzazione": false,
        "cup": "J89J22002390001",
        "nome_intervento": "Ciclovie 1 e 2 San Lazzaro - Centro"
      }
    },
    {
      "type": "Feature",
      "id": "J89J22002390001_VIA_LOUIS_PASTEUR_28",
      "geometry": {
        "type": "LineString",
        "coordinates": [
          [
            10.67515335,
            44.68355585
          ],
          [
            10.67605218,
            44.68326073
          ]
        ]
      },
      "properties": {
        "CUP": "J89J22002390001",
        "nome": "Ciclovie 1 e 2 San Lazzaro - Centro",
        "segmento_id": "VIA_LOUIS_PASTEUR_28",
        "ruolo_geometria": "CORRIDOIO_STRADALE_DA_DELIMITARE",
        "metodo": "Asse stradale ufficiale della via indicata",
        "fonte": "https://geoserver.comune.re.it/geoserver/ows?service=WFS&version=1.0.0&request=GetFeature&typeName=geo_re:SIT_ARCHISTRADE&outputFormat=application/json&srsName=EPSG:4326",
        "stato_validazione": "NON_VALIDATO",
        "precisione": "INDICATIVA_NON_QUANTIFICATA",
        "data_elaborazione": "2026-10-08",
        "nota": "VIA LOUIS PASTEUR: asse di riferimento esteso; NON identifica i soli 700 m circa di Pasteur o 400 m circa di Cialdini citati dalla fonte. Non usare l'intero asse come perimetro del finanziamento.",
        "colore": "#059669",
        "utilizzabile_per_kpi_km": false,
        "certifica_realizzazione": false,
        "cup": "J89J22002390001",
        "nome_intervento": "Ciclovie 1 e 2 San Lazzaro - Centro"
      }
    },
    {
      "type": "Feature",
      "id": "J89J22002390001_VIA_LOUIS_PASTEUR_29",
      "geometry": {
        "type": "LineString",
        "coordinates": [
          [
            10.67665713,
            44.68305883
          ],
          [
            10.67686544,
            44.68299003
          ]
        ]
      },
      "properties": {
        "CUP": "J89J22002390001",
        "nome": "Ciclovie 1 e 2 San Lazzaro - Centro",
        "segmento_id": "VIA_LOUIS_PASTEUR_29",
        "ruolo_geometria": "CORRIDOIO_STRADALE_DA_DELIMITARE",
        "metodo": "Asse stradale ufficiale della via indicata",
        "fonte": "https://geoserver.comune.re.it/geoserver/ows?service=WFS&version=1.0.0&request=GetFeature&typeName=geo_re:SIT_ARCHISTRADE&outputFormat=application/json&srsName=EPSG:4326",
        "stato_validazione": "NON_VALIDATO",
        "precisione": "INDICATIVA_NON_QUANTIFICATA",
        "data_elaborazione": "2026-10-08",
        "nota": "VIA LOUIS PASTEUR: asse di riferimento esteso; NON identifica i soli 700 m circa di Pasteur o 400 m circa di Cialdini citati dalla fonte. Non usare l'intero asse come perimetro del finanziamento.",
        "colore": "#059669",
        "utilizzabile_per_kpi_km": false,
        "certifica_realizzazione": false,
        "cup": "J89J22002390001",
        "nome_intervento": "Ciclovie 1 e 2 San Lazzaro - Centro"
      }
    },
    {
      "type": "Feature",
      "id": "J89J22002390001_VIA_LOUIS_PASTEUR_30",
      "geometry": {
        "type": "LineString",
        "coordinates": [
          [
            10.67179124,
            44.68451332
          ],
          [
            10.67213911,
            44.68446739
          ],
          [
            10.6724484,
            44.68440793
          ],
          [
            10.67273268,
            44.68433567
          ]
        ]
      },
      "properties": {
        "CUP": "J89J22002390001",
        "nome": "Ciclovie 1 e 2 San Lazzaro - Centro",
        "segmento_id": "VIA_LOUIS_PASTEUR_30",
        "ruolo_geometria": "CORRIDOIO_STRADALE_DA_DELIMITARE",
        "metodo": "Asse stradale ufficiale della via indicata",
        "fonte": "https://geoserver.comune.re.it/geoserver/ows?service=WFS&version=1.0.0&request=GetFeature&typeName=geo_re:SIT_ARCHISTRADE&outputFormat=application/json&srsName=EPSG:4326",
        "stato_validazione": "NON_VALIDATO",
        "precisione": "INDICATIVA_NON_QUANTIFICATA",
        "data_elaborazione": "2026-10-08",
        "nota": "VIA LOUIS PASTEUR: asse di riferimento esteso; NON identifica i soli 700 m circa di Pasteur o 400 m circa di Cialdini citati dalla fonte. Non usare l'intero asse come perimetro del finanziamento.",
        "colore": "#059669",
        "utilizzabile_per_kpi_km": false,
        "certifica_realizzazione": false,
        "cup": "J89J22002390001",
        "nome_intervento": "Ciclovie 1 e 2 San Lazzaro - Centro"
      }
    },
    {
      "type": "Feature",
      "id": "J89J22002390001_VIA_LOUIS_PASTEUR_31",
      "geometry": {
        "type": "LineString",
        "coordinates": [
          [
            10.6834702,
            44.6807595
          ],
          [
            10.68363785,
            44.68069896
          ],
          [
            10.68418367,
            44.68050605
          ],
          [
            10.68462591,
            44.68034903
          ],
          [
            10.68517816,
            44.68014892
          ],
          [
            10.68544913,
            44.680043
          ],
          [
            10.68566754,
            44.67995683
          ],
          [
            10.68588416,
            44.67986713
          ],
          [
            10.68605642,
            44.67979349
          ],
          [
            10.68633503,
            44.67966495
          ]
        ]
      },
      "properties": {
        "CUP": "J89J22002390001",
        "nome": "Ciclovie 1 e 2 San Lazzaro - Centro",
        "segmento_id": "VIA_LOUIS_PASTEUR_31",
        "ruolo_geometria": "CORRIDOIO_STRADALE_DA_DELIMITARE",
        "metodo": "Asse stradale ufficiale della via indicata",
        "fonte": "https://geoserver.comune.re.it/geoserver/ows?service=WFS&version=1.0.0&request=GetFeature&typeName=geo_re:SIT_ARCHISTRADE&outputFormat=application/json&srsName=EPSG:4326",
        "stato_validazione": "NON_VALIDATO",
        "precisione": "INDICATIVA_NON_QUANTIFICATA",
        "data_elaborazione": "2026-10-08",
        "nota": "VIA LOUIS PASTEUR: asse di riferimento esteso; NON identifica i soli 700 m circa di Pasteur o 400 m circa di Cialdini citati dalla fonte. Non usare l'intero asse come perimetro del finanziamento.",
        "colore": "#059669",
        "utilizzabile_per_kpi_km": false,
        "certifica_realizzazione": false,
        "cup": "J89J22002390001",
        "nome_intervento": "Ciclovie 1 e 2 San Lazzaro - Centro"
      }
    },
    {
      "type": "Feature",
      "id": "J89J22002390001_VIA_LOUIS_PASTEUR_32",
      "geometry": {
        "type": "LineString",
        "coordinates": [
          [
            10.68633503,
            44.67966495
          ],
          [
            10.68655952,
            44.67955973
          ],
          [
            10.68703612,
            44.67932872
          ]
        ]
      },
      "properties": {
        "CUP": "J89J22002390001",
        "nome": "Ciclovie 1 e 2 San Lazzaro - Centro",
        "segmento_id": "VIA_LOUIS_PASTEUR_32",
        "ruolo_geometria": "CORRIDOIO_STRADALE_DA_DELIMITARE",
        "metodo": "Asse stradale ufficiale della via indicata",
        "fonte": "https://geoserver.comune.re.it/geoserver/ows?service=WFS&version=1.0.0&request=GetFeature&typeName=geo_re:SIT_ARCHISTRADE&outputFormat=application/json&srsName=EPSG:4326",
        "stato_validazione": "NON_VALIDATO",
        "precisione": "INDICATIVA_NON_QUANTIFICATA",
        "data_elaborazione": "2026-10-08",
        "nota": "VIA LOUIS PASTEUR: asse di riferimento esteso; NON identifica i soli 700 m circa di Pasteur o 400 m circa di Cialdini citati dalla fonte. Non usare l'intero asse come perimetro del finanziamento.",
        "colore": "#059669",
        "utilizzabile_per_kpi_km": false,
        "certifica_realizzazione": false,
        "cup": "J89J22002390001",
        "nome_intervento": "Ciclovie 1 e 2 San Lazzaro - Centro"
      }
    },
    {
      "type": "Feature",
      "id": "J89J22002390001_VIA_LOUIS_PASTEUR_33",
      "geometry": {
        "type": "LineString",
        "coordinates": [
          [
            10.68317228,
            44.68076715
          ],
          [
            10.68324302,
            44.68077203
          ],
          [
            10.6832854,
            44.68077318
          ],
          [
            10.68333766,
            44.68077123
          ],
          [
            10.6833856,
            44.68076341
          ],
          [
            10.683421,
            44.68075281
          ],
          [
            10.6834702,
            44.6807595
          ]
        ]
      },
      "properties": {
        "CUP": "J89J22002390001",
        "nome": "Ciclovie 1 e 2 San Lazzaro - Centro",
        "segmento_id": "VIA_LOUIS_PASTEUR_33",
        "ruolo_geometria": "CORRIDOIO_STRADALE_DA_DELIMITARE",
        "metodo": "Asse stradale ufficiale della via indicata",
        "fonte": "https://geoserver.comune.re.it/geoserver/ows?service=WFS&version=1.0.0&request=GetFeature&typeName=geo_re:SIT_ARCHISTRADE&outputFormat=application/json&srsName=EPSG:4326",
        "stato_validazione": "NON_VALIDATO",
        "precisione": "INDICATIVA_NON_QUANTIFICATA",
        "data_elaborazione": "2026-10-08",
        "nota": "VIA LOUIS PASTEUR: asse di riferimento esteso; NON identifica i soli 700 m circa di Pasteur o 400 m circa di Cialdini citati dalla fonte. Non usare l'intero asse come perimetro del finanziamento.",
        "colore": "#059669",
        "utilizzabile_per_kpi_km": false,
        "certifica_realizzazione": false,
        "cup": "J89J22002390001",
        "nome_intervento": "Ciclovie 1 e 2 San Lazzaro - Centro"
      }
    },
    {
      "type": "Feature",
      "id": "J89J22002390001_VIA_LOUIS_PASTEUR_34",
      "geometry": {
        "type": "LineString",
        "coordinates": [
          [
            10.68943062,
            44.67816995
          ],
          [
            10.68964984,
            44.67805532
          ],
          [
            10.68975592,
            44.67799094
          ],
          [
            10.68983896,
            44.67793403
          ],
          [
            10.68995136,
            44.67784573
          ],
          [
            10.69004802,
            44.67775555
          ],
          [
            10.69017548,
            44.67762687
          ]
        ]
      },
      "properties": {
        "CUP": "J89J22002390001",
        "nome": "Ciclovie 1 e 2 San Lazzaro - Centro",
        "segmento_id": "VIA_LOUIS_PASTEUR_34",
        "ruolo_geometria": "CORRIDOIO_STRADALE_DA_DELIMITARE",
        "metodo": "Asse stradale ufficiale della via indicata",
        "fonte": "https://geoserver.comune.re.it/geoserver/ows?service=WFS&version=1.0.0&request=GetFeature&typeName=geo_re:SIT_ARCHISTRADE&outputFormat=application/json&srsName=EPSG:4326",
        "stato_validazione": "NON_VALIDATO",
        "precisione": "INDICATIVA_NON_QUANTIFICATA",
        "data_elaborazione": "2026-10-08",
        "nota": "VIA LOUIS PASTEUR: asse di riferimento esteso; NON identifica i soli 700 m circa di Pasteur o 400 m circa di Cialdini citati dalla fonte. Non usare l'intero asse come perimetro del finanziamento.",
        "colore": "#059669",
        "utilizzabile_per_kpi_km": false,
        "certifica_realizzazione": false,
        "cup": "J89J22002390001",
        "nome_intervento": "Ciclovie 1 e 2 San Lazzaro - Centro"
      }
    },
    {
      "type": "Feature",
      "id": "J89J22002390001_VIA_LOUIS_PASTEUR_35",
      "geometry": {
        "type": "LineString",
        "coordinates": [
          [
            10.69017548,
            44.67762687
          ],
          [
            10.69046861,
            44.67728593
          ]
        ]
      },
      "properties": {
        "CUP": "J89J22002390001",
        "nome": "Ciclovie 1 e 2 San Lazzaro - Centro",
        "segmento_id": "VIA_LOUIS_PASTEUR_35",
        "ruolo_geometria": "CORRIDOIO_STRADALE_DA_DELIMITARE",
        "metodo": "Asse stradale ufficiale della via indicata",
        "fonte": "https://geoserver.comune.re.it/geoserver/ows?service=WFS&version=1.0.0&request=GetFeature&typeName=geo_re:SIT_ARCHISTRADE&outputFormat=application/json&srsName=EPSG:4326",
        "stato_validazione": "NON_VALIDATO",
        "precisione": "INDICATIVA_NON_QUANTIFICATA",
        "data_elaborazione": "2026-10-08",
        "nota": "VIA LOUIS PASTEUR: asse di riferimento esteso; NON identifica i soli 700 m circa di Pasteur o 400 m circa di Cialdini citati dalla fonte. Non usare l'intero asse come perimetro del finanziamento.",
        "colore": "#059669",
        "utilizzabile_per_kpi_km": false,
        "certifica_realizzazione": false,
        "cup": "J89J22002390001",
        "nome_intervento": "Ciclovie 1 e 2 San Lazzaro - Centro"
      }
    },
    {
      "type": "Feature",
      "id": "J89J22002390001_VIA_LOUIS_PASTEUR_36",
      "geometry": {
        "type": "LineString",
        "coordinates": [
          [
            10.68328274,
            44.68091068
          ],
          [
            10.68328535,
            44.68094382
          ]
        ]
      },
      "properties": {
        "CUP": "J89J22002390001",
        "nome": "Ciclovie 1 e 2 San Lazzaro - Centro",
        "segmento_id": "VIA_LOUIS_PASTEUR_36",
        "ruolo_geometria": "CORRIDOIO_STRADALE_DA_DELIMITARE",
        "metodo": "Asse stradale ufficiale della via indicata",
        "fonte": "https://geoserver.comune.re.it/geoserver/ows?service=WFS&version=1.0.0&request=GetFeature&typeName=geo_re:SIT_ARCHISTRADE&outputFormat=application/json&srsName=EPSG:4326",
        "stato_validazione": "NON_VALIDATO",
        "precisione": "INDICATIVA_NON_QUANTIFICATA",
        "data_elaborazione": "2026-10-08",
        "nota": "VIA LOUIS PASTEUR: asse di riferimento esteso; NON identifica i soli 700 m circa di Pasteur o 400 m circa di Cialdini citati dalla fonte. Non usare l'intero asse come perimetro del finanziamento.",
        "colore": "#059669",
        "utilizzabile_per_kpi_km": false,
        "certifica_realizzazione": false,
        "cup": "J89J22002390001",
        "nome_intervento": "Ciclovie 1 e 2 San Lazzaro - Centro"
      }
    },
    {
      "type": "Feature",
      "id": "J89J22002390001_VIA_ENRICO_CIALDINI_0",
      "geometry": {
        "type": "LineString",
        "coordinates": [
          [
            10.63648447,
            44.69280841
          ],
          [
            10.63635645,
            44.69307536
          ],
          [
            10.63631723,
            44.69315721
          ],
          [
            10.63615158,
            44.69351294
          ]
        ]
      },
      "properties": {
        "CUP": "J89J22002390001",
        "nome": "Ciclovie 1 e 2 San Lazzaro - Centro",
        "segmento_id": "VIA_ENRICO_CIALDINI_0",
        "ruolo_geometria": "CORRIDOIO_STRADALE_DA_DELIMITARE",
        "metodo": "Asse stradale ufficiale della via indicata",
        "fonte": "https://geoserver.comune.re.it/geoserver/ows?service=WFS&version=1.0.0&request=GetFeature&typeName=geo_re:SIT_ARCHISTRADE&outputFormat=application/json&srsName=EPSG:4326",
        "stato_validazione": "NON_VALIDATO",
        "precisione": "INDICATIVA_NON_QUANTIFICATA",
        "data_elaborazione": "2026-10-08",
        "nota": "VIA ENRICO CIALDINI: asse di riferimento esteso; NON identifica i soli 700 m circa di Pasteur o 400 m circa di Cialdini citati dalla fonte. Non usare l'intero asse come perimetro del finanziamento.",
        "colore": "#059669",
        "utilizzabile_per_kpi_km": false,
        "certifica_realizzazione": false,
        "cup": "J89J22002390001",
        "nome_intervento": "Ciclovie 1 e 2 San Lazzaro - Centro"
      }
    },
    {
      "type": "Feature",
      "id": "J89J22002390001_VIA_ENRICO_CIALDINI_1",
      "geometry": {
        "type": "LineString",
        "coordinates": [
          [
            10.63677015,
            44.6923546
          ],
          [
            10.63718478,
            44.69210933
          ]
        ]
      },
      "properties": {
        "CUP": "J89J22002390001",
        "nome": "Ciclovie 1 e 2 San Lazzaro - Centro",
        "segmento_id": "VIA_ENRICO_CIALDINI_1",
        "ruolo_geometria": "CORRIDOIO_STRADALE_DA_DELIMITARE",
        "metodo": "Asse stradale ufficiale della via indicata",
        "fonte": "https://geoserver.comune.re.it/geoserver/ows?service=WFS&version=1.0.0&request=GetFeature&typeName=geo_re:SIT_ARCHISTRADE&outputFormat=application/json&srsName=EPSG:4326",
        "stato_validazione": "NON_VALIDATO",
        "precisione": "INDICATIVA_NON_QUANTIFICATA",
        "data_elaborazione": "2026-10-08",
        "nota": "VIA ENRICO CIALDINI: asse di riferimento esteso; NON identifica i soli 700 m circa di Pasteur o 400 m circa di Cialdini citati dalla fonte. Non usare l'intero asse come perimetro del finanziamento.",
        "colore": "#059669",
        "utilizzabile_per_kpi_km": false,
        "certifica_realizzazione": false,
        "cup": "J89J22002390001",
        "nome_intervento": "Ciclovie 1 e 2 San Lazzaro - Centro"
      }
    },
    {
      "type": "Feature",
      "id": "J89J22002390001_VIA_ENRICO_CIALDINI_2",
      "geometry": {
        "type": "LineString",
        "coordinates": [
          [
            10.63677015,
            44.6923546
          ],
          [
            10.63667969,
            44.6924009
          ],
          [
            10.63648447,
            44.69280841
          ]
        ]
      },
      "properties": {
        "CUP": "J89J22002390001",
        "nome": "Ciclovie 1 e 2 San Lazzaro - Centro",
        "segmento_id": "VIA_ENRICO_CIALDINI_2",
        "ruolo_geometria": "CORRIDOIO_STRADALE_DA_DELIMITARE",
        "metodo": "Asse stradale ufficiale della via indicata",
        "fonte": "https://geoserver.comune.re.it/geoserver/ows?service=WFS&version=1.0.0&request=GetFeature&typeName=geo_re:SIT_ARCHISTRADE&outputFormat=application/json&srsName=EPSG:4326",
        "stato_validazione": "NON_VALIDATO",
        "precisione": "INDICATIVA_NON_QUANTIFICATA",
        "data_elaborazione": "2026-10-08",
        "nota": "VIA ENRICO CIALDINI: asse di riferimento esteso; NON identifica i soli 700 m circa di Pasteur o 400 m circa di Cialdini citati dalla fonte. Non usare l'intero asse come perimetro del finanziamento.",
        "colore": "#059669",
        "utilizzabile_per_kpi_km": false,
        "certifica_realizzazione": false,
        "cup": "J89J22002390001",
        "nome_intervento": "Ciclovie 1 e 2 San Lazzaro - Centro"
      }
    },
    {
      "type": "Feature",
      "id": "J89J22002400001_Nord_1",
      "geometry": {
        "type": "LineString",
        "coordinates": [
          [
            10.651873151424637,
            44.72864878893386
          ],
          [
            10.652595989510395,
            44.73040276485214
          ],
          [
            10.653353327958529,
            44.731888525082006
          ],
          [
            10.654803850697174,
            44.73331927375814
          ],
          [
            10.654650742818582,
            44.733523414512604
          ],
          [
            10.654060413917225,
            44.73352886441942
          ]
        ]
      },
      "properties": {
        "CUP": "J89J22002400001",
        "nome": "Superciclabile Nord - Mediopadana",
        "segmento_id": "Nord_1",
        "ruolo_geometria": "TRATTO_IN_PROGETTO_NELLA_TAVOLA_2024",
        "metodo": "Digitalizzazione visuale della tavola 3, georeferenziazione affine a tre punti",
        "fonte": "https://www.comune.reggioemilia.it/amministrazione/documenti-e-dati/documenti-tecnici-di-supporto/biciplan-2024/superciclabile-nord-sud-tratto-nord-29-2-2024.pdf/@@download/file_principale",
        "stato_validazione": "NON_VALIDATO",
        "precisione": "INDICATIVA_NON_QUANTIFICATA",
        "data_elaborazione": "2026-10-08",
        "nota": "Linea blu: sede propria. La tavola è illustrativa. Posizione e dettagli sono approssimati; la georeferenziazione non è validata. I tratti magenta esistenti/in corso sono esclusi. Le linee non certificano lo stato as-built 2026.",
        "colore": "#2563eb",
        "utilizzabile_per_kpi_km": false,
        "certifica_realizzazione": false,
        "cup": "J89J22002400001",
        "nome_intervento": "Superciclabile Nord - Mediopadana"
      }
    },
    {
      "type": "Feature",
      "id": "J89J22002400001_Nord_2",
      "geometry": {
        "type": "LineString",
        "coordinates": [
          [
            10.658841407862697,
            44.735879243166764
          ],
          [
            10.658590389526498,
            44.736172596250185
          ],
          [
            10.659526966065375,
            44.73668806876184
          ],
          [
            10.660358521804257,
            44.738426818249984
          ],
          [
            10.661023725423737,
            44.74071966797028
          ]
        ]
      },
      "properties": {
        "CUP": "J89J22002400001",
        "nome": "Superciclabile Nord - Mediopadana",
        "segmento_id": "Nord_2",
        "ruolo_geometria": "TRATTO_IN_PROGETTO_NELLA_TAVOLA_2024",
        "metodo": "Digitalizzazione visuale della tavola 3, georeferenziazione affine a tre punti",
        "fonte": "https://www.comune.reggioemilia.it/amministrazione/documenti-e-dati/documenti-tecnici-di-supporto/biciplan-2024/superciclabile-nord-sud-tratto-nord-29-2-2024.pdf/@@download/file_principale",
        "stato_validazione": "NON_VALIDATO",
        "precisione": "INDICATIVA_NON_QUANTIFICATA",
        "data_elaborazione": "2026-10-08",
        "nota": "Linea blu: sede propria. La tavola è illustrativa. Posizione e dettagli sono approssimati; la georeferenziazione non è validata. I tratti magenta esistenti/in corso sono esclusi. Le linee non certificano lo stato as-built 2026.",
        "colore": "#2563eb",
        "utilizzabile_per_kpi_km": false,
        "certifica_realizzazione": false,
        "cup": "J89J22002400001",
        "nome_intervento": "Superciclabile Nord - Mediopadana"
      }
    },
    {
      "type": "Feature",
      "id": "J89J22002400001_Nord_3",
      "geometry": {
        "type": "LineString",
        "coordinates": [
          [
            10.661948931639511,
            44.745604177223676
          ],
          [
            10.662075192767023,
            44.746033727416226
          ],
          [
            10.662296254085426,
            44.74632378366724
          ],
          [
            10.662172083463151,
            44.748204455876994
          ],
          [
            10.661834005182369,
            44.748319236215835
          ]
        ]
      },
      "properties": {
        "CUP": "J89J22002400001",
        "nome": "Superciclabile Nord - Mediopadana",
        "segmento_id": "Nord_3",
        "ruolo_geometria": "TRATTO_IN_PROGETTO_NELLA_TAVOLA_2024",
        "metodo": "Digitalizzazione visuale della tavola 3, georeferenziazione affine a tre punti",
        "fonte": "https://www.comune.reggioemilia.it/amministrazione/documenti-e-dati/documenti-tecnici-di-supporto/biciplan-2024/superciclabile-nord-sud-tratto-nord-29-2-2024.pdf/@@download/file_principale",
        "stato_validazione": "NON_VALIDATO",
        "precisione": "INDICATIVA_NON_QUANTIFICATA",
        "data_elaborazione": "2026-10-08",
        "nota": "Linea blu: sede propria. La tavola è illustrativa. Posizione e dettagli sono approssimati; la georeferenziazione non è validata. I tratti magenta esistenti/in corso sono esclusi. Le linee non certificano lo stato as-built 2026.",
        "colore": "#2563eb",
        "utilizzabile_per_kpi_km": false,
        "certifica_realizzazione": false,
        "cup": "J89J22002400001",
        "nome_intervento": "Superciclabile Nord - Mediopadana"
      }
    },
    {
      "type": "Feature",
      "id": "J89J22002400001_Nord_4",
      "geometry": {
        "type": "LineString",
        "coordinates": [
          [
            10.64834769,
            44.72858581
          ],
          [
            10.649675691781765,
            44.73045328805759
          ],
          [
            10.651336094579785,
            44.73360496245732
          ],
          [
            10.65254576047978,
            44.736158135534026
          ],
          [
            10.653953727657786,
            44.73776716760396
          ],
          [
            10.655057085426495,
            44.73868230932688
          ],
          [
            10.656164340841816,
            44.74066773011417
          ]
        ]
      },
      "properties": {
        "CUP": "J89J22002400001",
        "nome": "Superciclabile Nord - Mediopadana",
        "segmento_id": "Nord_4",
        "ruolo_geometria": "TRATTO_IN_PROGETTO_NELLA_TAVOLA_2024",
        "metodo": "Digitalizzazione visuale della tavola 3, georeferenziazione affine a tre punti",
        "fonte": "https://www.comune.reggioemilia.it/amministrazione/documenti-e-dati/documenti-tecnici-di-supporto/biciplan-2024/superciclabile-nord-sud-tratto-nord-29-2-2024.pdf/@@download/file_principale",
        "stato_validazione": "NON_VALIDATO",
        "precisione": "INDICATIVA_NON_QUANTIFICATA",
        "data_elaborazione": "2026-10-08",
        "nota": "Linea arancione: corsia monodirezionale. La tavola è illustrativa. Posizione e dettagli sono approssimati; la georeferenziazione non è validata. I tratti magenta esistenti/in corso sono esclusi. Le linee non certificano lo stato as-built 2026.",
        "colore": "#2563eb",
        "utilizzabile_per_kpi_km": false,
        "certifica_realizzazione": false,
        "cup": "J89J22002400001",
        "nome_intervento": "Superciclabile Nord - Mediopadana"
      }
    },
    {
      "type": "Feature",
      "id": "J89J22002400001_Nord_5",
      "geometry": {
        "type": "LineString",
        "coordinates": [
          [
            10.649675691781765,
            44.73045328805759
          ],
          [
            10.652595989510395,
            44.73040276485214
          ]
        ]
      },
      "properties": {
        "CUP": "J89J22002400001",
        "nome": "Superciclabile Nord - Mediopadana",
        "segmento_id": "Nord_5",
        "ruolo_geometria": "TRATTO_IN_PROGETTO_NELLA_TAVOLA_2024",
        "metodo": "Digitalizzazione visuale della tavola 3, georeferenziazione affine a tre punti",
        "fonte": "https://www.comune.reggioemilia.it/amministrazione/documenti-e-dati/documenti-tecnici-di-supporto/biciplan-2024/superciclabile-nord-sud-tratto-nord-29-2-2024.pdf/@@download/file_principale",
        "stato_validazione": "NON_VALIDATO",
        "precisione": "INDICATIVA_NON_QUANTIFICATA",
        "data_elaborazione": "2026-10-08",
        "nota": "Linea arancione: corsia monodirezionale. La tavola è illustrativa. Posizione e dettagli sono approssimati; la georeferenziazione non è validata. I tratti magenta esistenti/in corso sono esclusi. Le linee non certificano lo stato as-built 2026.",
        "colore": "#2563eb",
        "utilizzabile_per_kpi_km": false,
        "certifica_realizzazione": false,
        "cup": "J89J22002400001",
        "nome_intervento": "Superciclabile Nord - Mediopadana"
      }
    },
    {
      "type": "Feature",
      "id": "J89J22002400001_Nord_6",
      "geometry": {
        "type": "LineString",
        "coordinates": [
          [
            10.651336094579785,
            44.73360496245732
          ],
          [
            10.654060413917225,
            44.73352886441942
          ]
        ]
      },
      "properties": {
        "CUP": "J89J22002400001",
        "nome": "Superciclabile Nord - Mediopadana",
        "segmento_id": "Nord_6",
        "ruolo_geometria": "TRATTO_IN_PROGETTO_NELLA_TAVOLA_2024",
        "metodo": "Digitalizzazione visuale della tavola 3, georeferenziazione affine a tre punti",
        "fonte": "https://www.comune.reggioemilia.it/amministrazione/documenti-e-dati/documenti-tecnici-di-supporto/biciplan-2024/superciclabile-nord-sud-tratto-nord-29-2-2024.pdf/@@download/file_principale",
        "stato_validazione": "NON_VALIDATO",
        "precisione": "INDICATIVA_NON_QUANTIFICATA",
        "data_elaborazione": "2026-10-08",
        "nota": "Linea arancione: corsia monodirezionale. La tavola è illustrativa. Posizione e dettagli sono approssimati; la georeferenziazione non è validata. I tratti magenta esistenti/in corso sono esclusi. Le linee non certificano lo stato as-built 2026.",
        "colore": "#2563eb",
        "utilizzabile_per_kpi_km": false,
        "certifica_realizzazione": false,
        "cup": "J89J22002400001",
        "nome_intervento": "Superciclabile Nord - Mediopadana"
      }
    },
    {
      "type": "Feature",
      "id": "J81B21000270001_Sud_itinerario",
      "geometry": {
        "type": "LineString",
        "coordinates": [
          [
            10.589238866810732,
            44.663288442111984
          ],
          [
            10.58968103965723,
            44.66563178221631
          ],
          [
            10.591022740909091,
            44.66741996623377
          ],
          [
            10.5952802,
            44.66683635
          ],
          [
            10.597517633979136,
            44.66937983700447
          ],
          [
            10.59963598447094,
            44.674286021899086
          ],
          [
            10.603660851982115,
            44.67327365171811
          ],
          [
            10.604406663308493,
            44.6741214807196
          ],
          [
            10.60540807652757,
            44.67391223145837
          ],
          [
            10.605955929865871,
            44.67529101931445
          ],
          [
            10.605250563770491,
            44.676625675620606
          ],
          [
            10.608797081371089,
            44.68253086542048
          ],
          [
            10.609667787824142,
            44.68223876903768
          ],
          [
            10.61188019552906,
            44.68373485667234
          ],
          [
            10.609427604888227,
            44.68443093323824
          ],
          [
            10.60990441132638,
            44.68773398614435
          ],
          [
            10.61275493390462,
            44.68850922344901
          ],
          [
            10.612397447198212,
            44.6892203948861
          ],
          [
            10.613783389359165,
            44.69188060513732
          ],
          [
            10.61470996,
            44.69490608
          ],
          [
            10.61901166,
            44.69519449
          ]
        ]
      },
      "properties": {
        "CUP": "J81B21000270001",
        "nome": "Superciclabile Sud - primo stralcio",
        "segmento_id": "Sud_itinerario",
        "ruolo_geometria": "ITINERARIO_COMPLESSIVO_DI_CONTESTO",
        "metodo": "Digitalizzazione visuale della tavola 3, georeferenziazione affine a tre punti",
        "fonte": "https://www.comune.reggioemilia.it/amministrazione/documenti-e-dati/documenti-tecnici-di-supporto/biciplan-2024/superciclabile-nord-sud-tratto-sud-29-2-2024.pdf/@@download/file_principale",
        "stato_validazione": "NON_VALIDATO",
        "precisione": "INDICATIVA_NON_QUANTIFICATA",
        "data_elaborazione": "2026-10-08",
        "nota": "Percorso complessivo illustrato (fonte: 5,6 km), comprende infrastrutture preesistenti. La fonte distingue 3,7 km di nuova pista, non isolabili dalla linea rossa. NON usare l'intero percorso come 3,7 km finanziati. Tracciato schematico e non as-built.",
        "colore": "#e11d48",
        "utilizzabile_per_kpi_km": false,
        "certifica_realizzazione": false,
        "cup": "J81B21000270001",
        "nome_intervento": "Superciclabile Sud - primo stralcio"
      }
    }
  ]
}